品名,别名,CAS号
阿片,鸦片,8008-60-4
氨,液氨；氨气,7664-41-7
"5-氨基-1,3,3-三甲基环己甲胺","异佛尔酮二胺；3,3,5-三甲基-4,6-二氨基-2-烯环己酮；1-氨基-3-氨基甲基-3,5,5-三甲基环己烷",2855-13-2
"5-氨基-3-苯基-1-[双(N,N-二甲基氨基氧膦基)]-1,2,4-三唑[含量＞20%]",威菌磷,1031-47-6
"4-[3-氨基-5-(1-甲基胍基)戊酰氨基]-1-[4-氨基-2-氧代-1(2H)-嘧啶基]-1,2,3,4-四脱氧-β,D赤己-2-烯吡喃糖醛酸",灰瘟素,2079-00-7
"4-氨基-N,N-二甲基苯胺","N,N-二甲基对苯二胺；对氨基-N,N-二甲基苯胺",99-98-9
2-氨基苯酚,邻氨基苯酚,95-55-6
3-氨基苯酚,间氨基苯酚,591-27-5
4-氨基苯酚,对氨基苯酚,123-30-8
3-氨基苯甲腈,间氨基苯甲腈；氰化氨基苯,2237-30-1
2-氨基苯胂酸,邻氨基苯胂酸,2045-00-3
3-氨基苯胂酸,间氨基苯胂酸,2038-72-4
4-氨基苯胂酸,对氨基苯胂酸,98-50-0
4-氨基苯胂酸钠,对氨基苯胂酸钠,127-85-5
2-氨基吡啶,邻氨基吡啶,504-29-0
3-氨基吡啶,间氨基吡啶,462-08-8
4-氨基吡啶,对氨基吡啶；4-氨基氮杂苯；对氨基氮苯；γ-吡啶胺,504-24-5
1-氨基丙烷,正丙胺,107-10-8
2-氨基丙烷,异丙胺,75-31-0
3-氨基丙烯,烯丙胺,107-11-9
4-氨基二苯胺,对氨基二苯胺,101-54-2
氨基胍重碳酸盐,,2582-30-1
氨基化钙,氨基钙,23321-74-6
氨基化锂,氨基锂,7782-89-0
氨基磺酸,,5329-14-6
5-(氨基甲基)-3-异噁唑醇,3-羟基-5-氨基甲基异噁唑；蝇蕈醇,2763-96-4
氨基甲酸胺,,1111-78-0
(2-氨基甲酰氧乙基)三甲基氯化铵,氯化氨甲酰胆碱；卡巴考,51-83-2
3-氨基喹啉,,580-17-6
2-氨基联苯,邻氨基联苯；邻苯基苯胺,90-41-5
4-氨基联苯,对氨基联苯；对苯基苯胺,92-67-1
1-氨基乙醇,乙醛合氨,75-39-8
2-氨基乙醇,乙醇胺；2-羟基乙胺,141-43-5
2-(2-氨基乙氧基)乙醇,,929-06-6
氨溶液[含氨＞10%],氨水,1336-21-6
N-氨基乙基哌嗪,1-哌嗪乙胺；N-(2-氨基乙基)哌嗪；2-(1-哌嗪基)乙胺,140-31-8
八氟-2-丁烯,全氟-2-丁烯,360-89-4
八氟丙烷,全氟丙烷,76-19-7
八氟环丁烷,RC318,115-25-3
八氟异丁烯,"全氟异丁烯；1,1,3,3,3-五氟-2-(三氟甲基)-1-丙烯",382-21-8
八甲基焦磷酰胺,八甲磷,152-16-9
"1,3,4,5,6,7,8,8-八氯-1,3,3a,4,7,7a-六氢-4,7-甲撑异苯并呋喃[含量＞1%]",八氯六氢亚甲基苯并呋喃；碳氯灵,297-78-9
"1,2,4,5,6,7,8,8-八氯-2,3,3a,4,7,7a-六氢-4,7-亚甲基茚 ",氯丹,57-74-9
八氯莰烯 ,毒杀芬,8001-35-2
八溴联苯,,27858-07-7
白磷,黄磷,12185-10-3
钡,金属钡,7440-39-3
钡合金,,
苯,纯苯,71-43-2
"苯-1,3-二磺酰肼[糊状,浓度52%]",,4547-70-0
苯胺,氨基苯,62-53-3
苯并呋喃,氧茚；香豆酮；古马隆,271-89-6
"1,2-苯二胺","邻苯二胺；1,2-二氨基苯",95-54-5
"1,3-苯二胺","间苯二胺；1,3-二氨基苯",108-45-2
"1,4-苯二胺","对苯二胺；1,4-二氨基苯；乌尔丝D",106-50-3
"1,2-苯二酚",邻苯二酚,120-80-9
"1,3-苯二酚",间苯二酚；雷琐酚,108-46-3
"1,4-苯二酚",对苯二酚；氢醌,123-31-9
"1,3-苯二磺酸溶液",,98-48-6
苯酚,酚；石炭酸,108-95-2
苯酚溶液,,
苯酚二磺酸硫酸溶液,,
苯酚磺酸,,1333-39-7
苯酚钠,苯氧基钠,139-02-6
苯磺酰肼,发泡剂BSH,80-17-1
苯磺酰氯,氯化苯磺酰,36047
4-苯基-1-丁烯,,768-56-9
N-苯基-2-萘胺,防老剂D,135-88-6
2-苯基丙烯,异丙烯基苯；α-甲基苯乙烯,98-83-9
2-苯基苯酚,邻苯基苯酚,90-43-7
苯基二氯硅烷,二氯苯基硅烷,1631-84-1
苯基硫醇,苯硫酚；巯基苯；硫代苯酚,108-98-5
苯基氢氧化汞,氢氧化苯汞,100-57-2
苯基三氯硅烷,苯代三氯硅烷,98-13-5
苯基溴化镁[浸在乙醚中的],,100-58-3
苯基氧氯化膦,苯磷酰二氯,824-72-6
N-苯基乙酰胺,乙酰苯胺；退热冰,103-84-4
"N-苯甲基-N-(3,4-二氯基本)-DL-丙氨酸乙酯 ",新燕灵,22212-55-1
苯甲腈,氰化苯；苯基氰；氰基苯；苄腈,100-47-0
苯甲醚,茴香醚；甲氧基苯,100-66-3
苯甲酸汞,安息香酸汞,583-15-3
苯甲酸甲酯,尼哦油,93-58-3
苯甲酰氯,氯化苯甲酰,98-88-4
苯甲氧基磺酰氯,,
苯肼,苯基联胺,100-63-0
苯胩化二氯,苯胩化氯；二氯化苯胩,622-44-6
苯醌,,106-51-4
苯硫代二氯化膦,苯硫代磷酰二氯；硫代二氯化膦苯,3497-00-5
苯胂化二氯,二氯化苯胂；二氯苯胂,696-28-6
苯胂酸,,35920
苯四甲酸酐,均苯四甲酸酐,89-32-7
苯乙醇腈,苯甲氰醇；扁桃腈,532-28-5
N-(苯乙基-4-哌啶基)丙酰胺柠檬酸盐,枸橼酸芬太尼,990-73-8
2-苯乙基异氰酸酯,,1943-82-4
苯乙腈,氰化苄；苄基氰,140-29-4
苯乙炔,乙炔苯,536-74-3
苯乙烯[稳定的],乙烯苯,100-42-5
苯乙酰氯,,103-80-0
吡啶,氮杂苯,110-86-1
1-(3-吡啶甲基)-3-(4-硝基苯基)脲,1-(4-硝基苯基)-3-(3-吡啶基甲基)脲；灭鼠优,53558-25-1
吡咯,一氮二烯五环；氮杂茂,109-97-7
2-吡咯酮,,616-45-5
4-[苄基(乙基)氨基]-3-乙氧基苯重氮氯化锌盐,,
N-苄基-N-乙基苯胺,N-乙基-N-苄基苯胺；苄乙基苯胺,92-59-1
2-苄基吡啶,2-苯甲基吡啶,101-82-6
4-苄基吡啶,4-苯甲基吡啶,2116-65-6
苄硫醇,α-甲苯硫醇,100-53-8
变性乙醇,变性酒精,
"(1R,2R,4R)-冰片-2-硫氰基醋酸酯 ",敌稻瘟,115-31-1
丙胺氟磷,"N,N'-氟磷酰二异丙胺；双(二异丙氨基)磷酰氟",371-86-8
1-丙醇,正丙醇,71-23-8
2-丙醇,异丙醇,67-63-0
"1,2-丙二胺","1,2-二氨基丙烷；丙邻二胺",78-90-0
"1,3-丙二胺","1,3-二氨基丙烷",109-76-2
丙二醇乙醚,1-乙氧基-2-丙醇,1569-02-4
丙二腈,二氰甲烷；氰化亚甲基；缩苹果腈,109-77-3
丙二酸铊,丙二酸亚铊,2757-18-8
丙二烯[稳定的],,463-49-0
丙二酰氯,缩苹果酰氯,1663-67-8
丙基三氯硅烷,,141-57-1
丙基胂酸,丙胂酸,107-34-6
丙腈,乙基氰,107-12-0
丙醛,,123-38-6
2-丙炔-1-醇,丙炔醇；炔丙醇,107-19-7
丙炔和丙二烯混合物[稳定的],甲基乙炔和丙二烯混合物,59355-75-8
丙炔酸,,471-25-0
丙酸,,29102
丙酸酐,丙酐,123-62-6
丙酸甲酯,,554-12-1
丙酸烯丙酯,,2408-20-0
丙酸乙酯,,105-37-3
丙酸异丙酯,丙酸-1-甲基乙基酯,637-78-5
丙酸异丁酯,丙酸-2-甲基丙酯,540-42-1
丙酸异戊酯,,105-68-0
丙酸正丁酯,,590-01-2
丙酸正戊酯,,624-54-4
丙酸仲丁酯,,591-34-4
丙酮,二甲基酮,67-64-1
丙酮氰醇,丙酮合氰化氢；2-羟基异丁腈；氰丙醇,75-86-5
丙烷,,74-98-6
丙烯,,115-07-1
2-丙烯-1-醇,烯丙醇；蒜醇；乙烯甲醇,107-18-6
2-丙烯-1-硫醇,烯丙基硫醇,870-23-5
2-丙烯腈[稳定的],丙烯腈；乙烯基氰；氰基乙烯,107-13-1
丙烯醛[稳定的],烯丙醛；败脂醛,107-02-8
丙烯酸[稳定的],,29135
丙烯酸-2-硝基丁酯,,5390-54-5
丙烯酸甲酯[稳定的],,96-33-3
丙烯酸羟丙酯,,2918-23-2
"2-丙烯酸-1,1-二甲基乙基酯",丙烯酸叔丁酯,1663-39-4
丙烯酸乙酯[稳定的],,140-88-5
丙烯酸异丁酯[稳定的],,106-63-8
2-丙烯酸异辛酯,,29590-42-9
丙烯酸正丁酯[稳定的],,141-32-2
丙烯酰胺,,29007
丙烯亚胺,2-甲基氮丙啶；2-甲基乙撑亚胺；丙撑亚胺,75-55-8
丙酰氯,氯化丙酰,28922
"草酸-4-氨基-N,N-二甲基苯胺","N,N-二甲基对苯二胺草酸；对氨基-N,N-二甲基苯胺草酸",24631-29-6
草酸汞,,3444-13-1
超氧化钾,,12030-88-5
超氧化钠,,12034-12-7
次磷酸,,6303-21-5
次氯酸钡[含有效氯＞22%],,13477-10-6
次氯酸钙,,7778-54-3
次氯酸钾溶液[含有效氯＞5%],,7778-66-7
次氯酸锂,,13840-33-0
次氯酸钠溶液[含有效氯＞5%],,7681-52-9
粗苯,动力苯；混合苯,
粗蒽,,
醋酸三丁基锡,,56-36-0
代森锰,,12427-38-2
单过氧马来酸叔丁酯[含量＞52%],,1931-62-0
"单过氧马来酸叔丁酯[含量≤52%,惰性固体含量≥48%]",,
"单过氧马来酸叔丁酯[含量≤52%,含A型稀释剂≥48%]",,
"单过氧马来酸叔丁酯[含量≤52%,糊状物]",,
氮[压缩的或液化的],,7727-37-9
氮化锂,,26134-62-3
氮化镁,,12057-71-5
10-氮杂蒽,吖啶,260-94-6
氘,重氢,7782-39-0
地高辛,地戈辛；毛地黄叶毒苷,20830-75-5
碲化镉,,1306-25-8
3-碘-1-丙烯,3-碘丙烯；烯丙基碘；碘代烯丙基,556-56-9
1-碘-2-甲基丙烷,异丁基碘；碘代异丁烷,513-38-2
2-碘-2-甲基丙烷,叔丁基碘；碘代叔丁烷,558-17-8
1-碘-3-甲基丁烷,异戊基碘；碘代异戊烷,541-28-6
4-碘苯酚,4-碘酚；对碘苯酚,540-38-5
1-碘丙烷,正丙基碘；碘代正丙烷,107-08-4
2-碘丙烷,异丙基碘；碘代异丙烷,75-30-9
1-碘丁烷,正丁基碘；碘代正丁烷,542-69-8
2-碘丁烷,仲丁基碘；碘代仲丁烷,513-48-4
碘化钾汞,碘化汞钾,7783-33-7
碘化氢[无水],,10034-85-2
碘化亚汞,一碘化汞,15385-57-6
碘化亚铊,一碘化铊,7790-30-9
碘化乙酰,碘乙酰；乙酰碘,507-02-8
碘甲烷,甲基碘,74-88-4
碘酸,,7782-68-5
碘酸铵,,13446-09-8
碘酸钡,,10567-69-8
碘酸钙,碘钙石,7789-80-2
碘酸镉,,7790-81-0
碘酸钾,,2139718
碘酸钾合一碘酸,碘酸氢钾；重碘酸钾,13455-24-8
碘酸钾合二碘酸,,
碘酸锂,,13765-03-2
碘酸锰,,25659-29-4
碘酸钠,,7681-55-2
碘酸铅,,25659-31-8
碘酸锶,,13470-01-4
碘酸铁,,29515-61-5
碘酸锌,,7790-37-6
碘酸银,,7783-97-3
1-碘戊烷,正戊基碘；碘代正戊烷,628-17-1
碘乙酸,碘醋酸,64-69-7
碘乙酸乙酯,,623-48-3
碘乙烷,乙基碘,27459
电池液[酸性的],,
电池液[碱性的],,
叠氮化钡,叠氮钡,18810-58-7
叠氮化钠,三氮化钠,26628-22-8
叠氮化铅[含水或水加乙醇≥20%],,13424-46-9
2-丁醇,仲丁醇,78-92-2
丁醇钠,丁氧基钠,2372-45-4
"1,4-丁二胺","1,4-二氨基丁烷；四亚甲基二胺；腐肉碱",110-60-1
丁二腈,"1,2-二氰基乙烷；琥珀腈",110-61-2
"1,3-丁二烯[稳定的]",联乙烯,106-99-0
丁二酰氯,氯化丁二酰；琥珀酰氯,543-20-4
丁基甲苯,,
丁基磷酸,酸式磷酸丁酯,12788-93-1
2-丁基硫醇,仲丁硫醇,513-53-1
丁基三氯硅烷,,7521-80-4
丁醛肟,,110-69-0
1-丁炔[稳定的],乙基乙炔,107-00-6
2-丁炔,巴豆炔；二甲基乙炔,503-17-3
1-丁炔-3-醇,,2028-63-9
丁酸丙烯酯,丁酸烯丙酯；丁酸-2-丙烯酯,2051-78-7
丁酸酐,,106-31-0
丁酸正戊酯,丁酸戊酯,540-18-1
2-丁酮,丁酮；乙基甲基酮；甲乙酮,78-93-3
2-丁酮肟,,96-29-7
1-丁烯,,106-98-9
2-丁烯,,107-01-7
2-丁烯-1-醇,巴豆醇；丁烯醇,6117-91-5
3-丁烯-2-酮,甲基乙烯基酮；丁烯酮,78-94-4
丁烯二酰氯[反式],富马酰氯,627-63-4
3-丁烯腈,烯丙基氰,109-75-1
2-丁烯腈[反式],巴豆腈；丙烯基氰,4786-20-3
2-丁烯醛,巴豆醛；β-甲基丙烯醛,4170-30-3
2-丁烯酸,巴豆酸,3724-65-0
丁烯酸甲酯,巴豆酸甲酯,623-43-8
丁烯酸乙酯,巴豆酸乙酯,623-70-1
2-丁氧基乙醇,乙二醇丁醚；丁基溶纤剂,111-76-2
毒毛旋花苷G,羊角拗质,630-60-4
毒毛旋花苷K,,11005-63-3
杜廷,羟基马桑毒内酯；马桑苷,2571-22-4
短链氯化石蜡（C10-13）,C10-13 氯代烃,85535-84-8
对氨基苯磺酸,4-氨基苯磺酸,121-57-3
对苯二甲酰氯,,100-20-9
对甲苯磺酰氯,,98-59-9
对硫氰酸苯胺,对硫氰基苯胺；硫氰酸对氨基苯酯,15191-25-0
"1-(对氯苯基)-2,8,9-三氧-5-氮-1-硅双环(3,3,3)十二烷",毒鼠硅；氯硅宁；硅灭鼠,29025-67-0
对氯苯硫醇,4-氯硫酚；对氯硫酚,106-54-7
对䓝基化过氧氢[72%＜含量≤100%],对䓝基过氧化氢,39811-34-2
"对䓝基化过氧氢[含量≤72%,含A型稀释剂≥28%]",,
对壬基酚,,104-40-5
对硝基苯酚钾,对硝基酚钾,1124-31-8
对硝基苯酚钠,对硝基酚钠,824-78-2
对硝基苯磺酸,,138-42-1
对硝基苯甲酰肼,,636-97-5
对硝基乙苯,,100-12-9
对异丙基苯酚,对异丙基酚,99-89-8
多钒酸铵,聚钒酸铵,12207-63-5
多聚甲醛,聚蚁醛；聚合甲醛,30525-89-4
多聚磷酸,四磷酸,8017-16-1
多硫化铵溶液,,9080-17-5
多氯二苯并对二噁英,PCDDs,
多氯二苯并呋喃,PCDFs,
多氯联苯,PCBs,
多氯三联苯,,61788-33-8
多溴二苯醚混合物,,
苊,萘乙环,83-32-9
蒽醌-1-胂酸,蒽醌-α-胂酸,
蒽油乳膏,,
蒽油乳剂,,
二-(1-羟基环己基)过氧化物[含量≤100%],,2407-94-5
二-(2-苯氧乙基)过氧重碳酸酯[85%＜含量≤100%],,41935-39-1
二-(2-苯氧乙基)过氧重碳酸酯[含量≤85%，含水≥15%],,
二(2-环氧丙基)醚,"二缩水甘油醚；双环氧稀释剂；2,2'-[氧双(亚甲基)双环氧乙烷；二环氧甘油醚",123639
二-(2-甲基苯甲酰)过氧化物[含量≤87%],过氧化二-(2-甲基苯甲酰),3034-79-5
"二-(2-羟基-3,5,6-三氯苯基)甲烷 ","2,2'-亚甲基-双(3,4,6-三氯苯酚)；毒菌酚",70-30-4
"二-(2-新癸酰过氧异丙基)苯[含量≤52%,含A型稀释剂≥48%]",,
二-(2-乙基己基)磷酸酯,2-乙基己基-2'-乙基己基磷酸酯,298-07-7
"二-(3,5,5-三甲基己酰)过氧化物[52%＜含量≤82%,含A型稀释剂≥18%]",,3851-87-4
"二-(3,5,5-三甲基己酰)过氧化物[含量≤38%,含A型稀释剂≥62%]",,
"二-(3,5,5-三甲基己酰)过氧化物[38%＜含量≤52%,含A型稀释剂≥48%]",,
"二-(3,5,5-三甲基己酰)过氧化物[含量≤52%,在水中稳定弥散]",,
"2,2-二-(4,4-二(叔丁基过氧环己基)丙烷[含量≤22%,含B型稀释剂≥78%]",,1705-60-8
"2,2-二-(4,4-二(叔丁基过氧环己基)丙烷[含量≤42%，含惰性固体≥58%]",,
"二-(4-甲基苯甲酰)过氧化物[硅油糊状物,含量≤52%]",,895-85-2
二-(4-叔丁基环己基)过氧重碳酸酯[含量≤100%],过氧化二碳酸-二-(4-叔丁基环己基)酯,15520-11-3
"二-(4-叔丁基环己基)过氧重碳酸酯[含量≤42%,在水中稳定弥散]",,
二(苯磺酰肼)醚,"4,4'-氧代双苯磺酰肼",80-51-3
"1,6-二-(过氧化叔丁基-羰基氧)己烷[含量≤72%,含A型稀释剂≥28%]",,36536-42-2
二(氯甲基)醚,二氯二甲醚；对称二氯二甲醚；氧代二氯甲烷,542-88-1
二(三氯甲基)碳酸酯,三光气,32315-10-9
"1,1-二-(叔丁基过氧)-3,3,5-三甲基环己烷[90%＜含量≤100%]",,6731-36-8
"1,1-二-(叔丁基过氧)-3,3,5-三甲基环己烷[57%＜含量≤90%,含A型稀释剂≥10%]",,
"1,1-二-(叔丁基过氧)-3,3,5-三甲基环己烷[含量≤32%,含A型稀释剂≥26%,含B型稀释剂≥42%]",,
"1,1-二-(叔丁基过氧)-3,3,5-三甲基环己烷[含量≤57%,含A型稀释剂≥43%]",,
"1,1-二-(叔丁基过氧)-3,3,5-三甲基环己烷[含量≤57%，含惰性固体≥43%]",,
"1,1-二-(叔丁基过氧)-3,3,5-三甲基环己烷[含量≤77%,含B型稀释剂≥23%]",,
"1,1-二-(叔丁基过氧)-3,3,5-三甲基环己烷[含量≤90%,含A型稀释剂≥10%]",,
"2,2-二-(叔丁基过氧)丙烷[含量≤42%,含A型稀释剂≥13%,惰性固体含量≥45%]",,4262-61-7
"2,2-二-(叔丁基过氧)丙烷[含量≤52%,含A型稀释剂≥48%]",,
"3,3-二-(叔丁基过氧)丁酸乙酯[77%＜含量≤100%]","3,3-双-(过氧化叔丁基)丁酸乙酯",55794-20-2
"3,3-二-(叔丁基过氧)丁酸乙酯[含量≤52%]",,
"3,3-二-(叔丁基过氧)丁酸乙酯[含量≤77%,含A型稀释剂≥23%]",,
"2,2-二-(叔丁基过氧)丁烷[含量≤52%,含A型稀释剂≥48%]",,2167-23-9
"1,1-二-(叔丁基过氧)环己烷[80%＜含量≤100%]","1,1-双-(过氧化叔丁基)环己烷",3006-86-8
"1,1-二-(叔丁基过氧)环己烷[52%＜含量≤80%,含A型稀释剂≥20%]",,
"1,1-二-(叔丁基过氧)环己烷[42%＜含量≤52%,含A型稀释剂≥48%]",,
"1,1-二-(叔丁基过氧)环己烷[含量≤13%,含A型稀释剂≥13%,含B型稀释剂≥74%]",,
"1,1-二-(叔丁基过氧)环己烷[含量≤27%,含A型稀释剂≥25%]",,
"1,1-二-(叔丁基过氧)环己烷[含量≤42%,含A型稀释剂≥13%,惰性固体含量≥45%]",,
"1,1-二-(叔丁基过氧)环己烷[含量≤42%,含A型稀释剂≥58%]",,
"1,1-二-(叔丁基过氧)环己烷[含量≤72%,含B型稀释剂≥28%]",,
"1,1-二-(叔丁基过氧)环己烷和过氧化(2-乙基己酸)叔丁酯的混合物[1,1-二-(叔丁基过氧)环己烷含量≤43%,过氧化(2-乙基己酸)叔丁酯含量≤16%,含A型稀释剂≥41%]",,
"二-(叔丁基过氧)邻苯二甲酸酯[糊状,含量≤52%]",,
"二-(叔丁基过氧)邻苯二甲酸酯[42%＜含量≤52%,含A型稀释剂≥48%]",,
"二-(叔丁基过氧)邻苯二甲酸酯[含量≤42%,含A型稀释剂≥58%]",,
"3,3-二-(叔戊基过氧)丁酸乙酯[含量≤67%,含A型稀释剂≥33%]",,67567-23-1
"2,2-二-(叔戊基过氧)丁烷[含量≤57%,含A型稀释剂≥43%]",,13653-62-8
"4,4’-二氨基-3,3’-二氯二苯基甲烷",,101-14-4
"3,3'-二氨基二丙胺","二丙三胺；3,3'-亚氨基二丙胺；三丙撑三胺",56-18-8
"2,4-二氨基甲苯","甲苯-2,4-二胺；2,4-甲苯二胺",95-80-7
"2,5-二氨基甲苯","甲苯-2,5-二胺；2,5-甲苯二胺",95-70-5
"2,6-二氨基甲苯","甲苯-2,6-二胺；2,6-甲苯二胺",823-40-5
"4,4'-二氨基联苯",联苯胺；二氨基联苯,92-87-5
二氨基镁,,7803-54-5
二苯胺,,122-39-4
二苯胺硫酸溶液,,
二苯基胺氯胂,吩吡嗪化氯；亚当氏气,578-94-9
二苯基二氯硅烷,二苯二氯硅烷,29498
二苯基二硒,,1666-13-3
二苯基汞,二苯汞,587-85-9
二苯基甲烷二异氰酸酯,MDI,26447-40-5
"二苯基甲烷-4,4'-二异氰酸酯","亚甲基双(4,1-亚苯基)二异氰酸酯；4,4'-二异氰酸二苯甲烷",101-68-8
二苯基氯胂,氯化二苯胂,712-48-1
二苯基镁,,555-54-4
"2-(二苯基乙酰基)-2,3-二氢-1,3-茚二酮","2-(2,2-二苯基乙酰基)-1,3-茚满二酮；敌鼠",82-66-6
二苯甲基溴,溴二苯甲烷；二苯溴甲烷,776-74-9
"1,1-二苯肼",不对称二苯肼,530-50-7
"1,2-二苯肼",对称二苯肼,122-66-7
二苄基二氯硅烷,,18414-36-3
二丙硫醚,正丙硫醚；二丙基硫；硫化二正丙基,111-47-7
二碘化苯胂,苯基二碘胂,6380-34-3
二碘化汞,碘化汞；碘化高汞；红色碘化汞,7774-29-0
二碘甲烷,,27704
"N,N-二丁基苯胺",,613-29-6
二丁基二(十二酸)锡,二丁基二月桂酸锡；月桂酸二丁基锡,77-58-7
二丁基二氯化锡,,683-18-1
二丁基氧化锡,氧化二丁基锡,818-08-6
"S,S´-(1,4-二噁烷2,3-二基)O,O,O´,O´-四乙基双(二硫代磷酸酯)",敌噁磷,78-34-2
"1,3-二氟-2-丙醇",,453-13-4
"1,2-二氟苯",邻二氟苯,367-11-3
"1,3-二氟苯",间二氟苯,372-18-9
"1,4-二氟苯",对二氟苯,540-36-3
"1,3-二氟丙-2-醇(Ⅰ)与1-氯-3-氟丙-2-醇(Ⅱ)的混合物",鼠甘伏；甘氟,8065-71-2
二氟化氧,一氧化二氟,7783-41-7
二氟甲烷,R32,27672
二氟磷酸[无水],二氟代磷酸,13779-41-4
"1,1-二氟乙烷",R152a,75-37-6
"1,1-二氟乙烯",R1132a；偏氟乙烯,75-38-7
二甘醇双(碳酸烯丙酯)和过二碳酸二异丙酯的混合物[二甘醇双(碳酸烯丙酯)≥88%，过二碳酸二异丙酯≤12%],,
二环庚二烯,"2,5-降冰片二烯",121-46-0
二环己胺,,101-83-7
"1,3-二磺酰肼苯",,26747-93-3
β-二甲氨基丙腈,2-(二甲胺基)乙基氰,1738-25-6
"O-[4-((二甲氨基)磺酰基)苯基]O,O-二甲基硫代磷酸酯",伐灭磷,52-85-7
二甲氨基二氮硒杂茚,,
二甲氨基甲酰氯,,79-44-7
4-二甲氨基偶氮苯-4'-胂酸,锆试剂,622-68-4
二甲胺[无水],,124-40-3
二甲胺溶液,,
"1,2-二甲苯",邻二甲苯,95-47-6
"1,3-二甲苯",间二甲苯,108-38-3
"1,4-二甲苯",对二甲苯,106-42-3
二甲苯异构体混合物,,1330-20-7
"2,3-二甲苯酚","1-羟基-2,3-二甲基苯；2,3-二甲酚",526-75-0
"2,4-二甲苯酚","1-羟基-2,4-二甲基苯；2,4-二甲酚",105-67-9
"2,5-二甲苯酚","1-羟基-2,5-二甲基苯；2,5-二甲酚",95-87-4
"2,6-二甲苯酚","1-羟基-2,6-二甲基苯；2,6-二甲酚",576-26-1
"3,4-二甲苯酚","1-羟基-3,4-二甲基苯",95-65-8
"3,5-二甲苯酚","1-羟基-3,5-二甲基苯",108-68-9
"O,O-二甲基-(2,2,2-三氯-1-羟基乙基)膦酸酯",敌百虫,52-68-6
"O,O-二甲基-O-(2,2-二氯乙烯基)磷酸酯",敌敌畏,62-73-7
O-O-二甲基-O-(2-甲氧甲酰基-1-甲基)乙烯基磷酸酯[含量＞5%],甲基-3-[(二甲氧基磷酰基)氧代]-2-丁烯酸酯；速灭磷,7786-34-7
"N,N-二甲基-1,3-丙二胺",3-二甲氨基-1-丙胺,109-55-7
"4,4-二甲基-1,3-二噁烷",,766-15-4
"2,5-二甲基-1,4-二噁烷",,15176-21-3
"2,5-二甲基-1,5-己二烯",,627-58-7
"2,5-二甲基-2,4-己二烯",,764-13-6
"2,3-二甲基-1-丁烯",,563-78-0
"2,5-二甲基-2,5-二-(2-乙基己酰过氧)己烷[含量≤100%]","2,5-二甲基-2,5-双-(过氧化-2-乙基己酰)己烷",13052-09-0
"2,5-二甲基-2,5-二-(3,5,5-三甲基己酰过氧)己烷[含量≤77%,含A型稀释剂≥23%]","2,5-二甲基-2,5-双-(过氧化-3,5,5-三甲基己酰)己烷",
"2,5-二甲基-2,5-二(叔丁基过氧)-3-己烷[52%＜含量≤86%，含A型稀释剂≥14%]",,1068-27-5
"2,5-二甲基-2,5-二(叔丁基过氧)-3-己烷[86%＜含量≤100%]",,
"2,5-二甲基-2,5-二(叔丁基过氧)-3-己烷[含量≤52%，含惰性固体≥48%]",,
"2,5-二甲基-2,5-二(叔丁基过氧)己烷[90%＜含量≤100%]","2,5-二甲基-2,5-双-(过氧化叔丁基)己烷",78-63-7
"2,5-二甲基-2,5-二(叔丁基过氧)己烷[52%＜含量≤90%,含A型稀释剂≥10%]",,
"2,5-二甲基-2,5-二(叔丁基过氧)己烷[含量≤52%,含A型稀释剂≥48%]",,
"2,5-二甲基-2,5-二(叔丁基过氧)己烷[含量≤77%]",,
"2,5-二甲基-2,5-二(叔丁基过氧)己烷[糊状物,含量≤47%]",,
"2,5-二甲基-2,5-二氢过氧化己烷[含量≤82%]","2,5-二甲基-2,5-过氧化二氢己烷",3025-88-5
"2,5-二甲基-2,5-双(苯甲酰过氧)己烷[82%＜含量≤100%]","2,5-二甲基-2,5-双-(过氧化苯甲酰)己烷",2618-77-1
"2,5-二甲基-2,5-双(苯甲酰过氧)己烷[含量≤82%,惰性固体含量≥18%]",,
"2,5-二甲基-2,5-双(苯甲酰过氧)己烷[含量≤82%,含水≥18%]",,
"2,5-二甲基-2,5-双-(过氧化叔丁基)-3-己炔[86%＜含量≤100%]",,1068-27-5
"2,5-二甲基-2,5-双-(过氧化叔丁基)-3-己炔[含量≤52%,含惰性固体≥48%]",,
"2,5-二甲基-2,5-双-(过氧化叔丁基)-3-己炔[52%＜含量≤86% A型稀释剂≥14%]",,
"2,3-二甲基-2-丁烯",四甲基乙烯,563-79-1
"3-[2-(3,5-二甲基-2-氧代环己基)-2-羟基乙基]戊二酰胺",放线菌酮,66-81-9
"2,6-二甲基-3-庚烯",,2738-18-3
"2,4-二甲基-3-戊酮",二异丙基甲酮,565-80-0
二甲基-4-(甲基硫代)苯基磷酸酯,甲硫磷,3254-63-5
"1,1´-二甲基-4,4´-联吡啶阳离子",百草枯,4685-14-7
"3,3'-二甲基-4,4'-二氨基联苯","邻二氨基二甲基联苯；3,3'-二甲基联苯胺",119-93-7
"N´,N´-二甲基-N´-苯基-N´-(氟二氯甲硫基)磺酰胺 ",苯氟磺胺,1085-98-9
"O,O-二甲基-O-(1,2-二溴-2,2-二氯乙基)磷酸酯",二溴磷,300-76-5
"O,O-二甲基-O-(4-甲硫基-3-甲基苯基)硫代磷酸酯 ",倍硫磷,55-38-9
"O,O-二甲基-O-(4-硝基苯基)硫代磷酸酯",甲基对硫磷,298-00-0
"(E)-O,O-二甲基-O-[1-甲基-2-(1-苯基-乙氧基甲酰)乙烯基]磷酸酯",巴毒磷,7700-17-6
"(E)-O,O-二甲基-O-[1-甲基-2-(二甲基氨基甲酰)乙烯基]磷酸酯[含量＞25%]","3-二甲氧基磷氧基-N,N-二甲基异丁烯酰胺；百治磷",141-66-2
"O,O-二甲基-O-[1-甲基-2-(甲基氨基甲酰)乙烯基]磷酸酯[含量＞0.5%]",久效磷,6923-22-4
"O,O-二甲基-O-[1-甲基-2氯-2-(二乙基氨基甲酰)乙烯基]磷酸酯",2-氯-3-(二乙氨基)-1-甲基-3-氧代-1-丙烯二甲基磷酸酯；磷胺,13171-21-6
"O,O-二甲基-S-(2,3-二氢-5-甲氧基-2-氧代-1,3,4-噻二唑-3-基甲基)二硫代磷酸酯",杀扑磷,950-37-8
"O,O-二甲基-S-(2-甲硫基乙基)二硫代磷酸酯(II)",二硫代田乐磷,2587-90-8
"O,O-二甲基-S-(2-乙硫基乙基)二硫代磷酸酯",甲基乙拌磷,640-15-3
"O,O-二甲基-S-(3,4-二氢-4-氧代苯并[d]-[1,2,3]-三氮苯-3-基甲基)二硫代磷酸酯",保棉磷,86-50-0
"O,O-二甲基-S-(N-甲基氨基甲酰甲基)硫代磷酸酯",氧乐果,1113-02-6
"O,O-二甲基-S-(吗啉代甲酰甲基)二硫代磷酸酯 ",茂硫磷,144-41-2
"O,O-二甲基-S-(酞酰亚胺基甲基)二硫代磷酸酯",亚胺硫磷,732-11-6
"O,O-二甲基-S-(乙基氨基甲酰甲基)二硫代磷酸酯",益棉磷,2642-71-9
"O-O-二甲基-S-[1,2-双(乙氧基甲酰)乙基]二硫代磷酸酯 ",马拉硫磷,121-75-5
"4-N,N-二甲基氨基-3,5-二甲基苯基N-甲基氨基甲酸酯","4-二甲氨基-3,5-二甲苯基-N-甲基氨基甲酸酯；兹克威",315-18-4
"4-N,N-二甲基氨基-3-甲基苯基N-甲基氨基甲酸酯 ",灭害威,2032-59-9
4-二甲基氨基-6-(2-二甲基氨乙基氧基)甲苯-2-重氮氯化锌盐,,135072-82-1
8-(二甲基氨基甲基)-7-甲氧基氨基-3-甲基黄酮,二甲弗林,1165-48-6
3-二甲基氨基亚甲基亚氨基苯基-N-甲基氨基甲酸酯(或其盐酸盐),伐虫脒,22259-30-9；
,,23422-53-9
"N,N-二甲基氨基乙腈",2-(二甲氨基)乙腈,926-64-7
"2,3-二甲基苯胺","1-氨基-2,3-二甲基苯",87-59-2
"2,4-二甲基苯胺","1-氨基-2,4-二甲基苯",95-68-1
"2,5-二甲基苯胺","1-氨基-2,5-二甲基苯",95-78-3
"2,6-二甲基苯胺","1-氨基-2,6-二甲基苯",87-62-7
"3,4-二甲基苯胺","1-氨基-3,4-二甲基苯",95-64-7
"3,5-二甲基苯胺","1-氨基-3,5-二甲基苯",108-69-0
"N,N-二甲基苯胺",,121-69-7
二甲基苯胺异构体混合物,,1300-73-8
"3,5-二甲基苯甲酰氯",,6613-44-1
"2,4-二甲基吡啶","2,4-二甲基氮杂苯",108-47-4
"2,5-二甲基吡啶","2,5-二甲基氮杂苯",589-93-5
"2,6-二甲基吡啶","2,6-二甲基氮杂苯",108-48-5
"3,4-二甲基吡啶","3,4-二甲基氮杂苯",583-58-4
"3,5-二甲基吡啶","3,5-二甲基氮杂苯",591-22-0
"N,N-二甲基苄胺",N-苄基二甲胺；苄基二甲胺,103-83-3
"N,N-二甲基丙胺",,926-63-6
"N,N-二甲基丙醇胺",3-(二甲胺基)-1-丙醇,3179-63-3
"2,2-二甲基丙酸甲酯",三甲基乙酸甲酯,598-98-1
"2,2-二甲基丙烷",新戊烷,463-82-1
"1,3-二甲基丁胺",2-氨基-4-甲基戊烷,108-09-8
"1,3-二甲基丁醇乙酸酯",乙酸仲己酯；2-乙酸-4-甲基戊酯,108-84-9
"2,2-二甲基丁烷",新己烷,75-83-2
"2,3-二甲基丁烷",二异丙基,79-29-8
"O,O-二甲基-对硝基苯基磷酸酯",甲基对氧磷,950-35-6
二甲基二噁烷,,25136-55-4
二甲基二氯硅烷,二氯二甲基硅烷,75-78-5
二甲基二乙氧基硅烷,二乙氧基二甲基硅烷,78-62-6
"2,5-二甲基呋喃","2,5-二甲基氧杂茂",625-86-5
"2,2-二甲基庚烷",,1071-26-7
"2,3-二甲基庚烷",,3074-71-3
"2,4-二甲基庚烷",,2213-23-2
"2,5-二甲基庚烷",,2216-30-0
"3,3-二甲基庚烷",,4032-86-4
"3,4-二甲基庚烷",,922-28-1
"3,5-二甲基庚烷",,926-82-9
"4,4-二甲基庚烷",,1068-19-5
"N,N-二甲基环己胺",二甲氨基环己烷,98-94-2
"1,1-二甲基环己烷",,590-66-9
"1,2-二甲基环己烷",,583-57-3
"1,3-二甲基环己烷",,591-21-9
"1,4-二甲基环己烷",,589-90-2
"1,1-二甲基环戊烷",,1638-26-2
"1,2-二甲基环戊烷",,2452-99-5
"1,3-二甲基环戊烷",,2453-00-1
"2,2-二甲基己烷",,590-73-8
"2,3-二甲基己烷",,584-94-1
"2,4-二甲基己烷",,589-43-5
"3,3-二甲基己烷",,563-16-6
"3,4-二甲基己烷",,583-48-2
"N,N-二甲基甲酰胺",甲酰二甲胺,25174
"1,1-二甲基肼","二甲基肼[不对称]；N,N-二甲基肼",57-14-7
"1,2-二甲基肼",二甲基肼[对称],540-73-8
"O,O'-二甲基硫代磷酰氯",二甲基硫代磷酰氯,2524-03-0
二甲基氯乙缩醛,,97-97-2
"2,6-二甲基吗啉",,141-91-3
二甲基镁,,2999-74-8
"1,4-二甲基哌嗪",,106-58-1
二甲基胂酸钠,卡可酸钠,124-65-2
"2,3-二甲基戊醛",,32749-94-3
"2,2-二甲基戊烷",,590-35-2
"2,3-二甲基戊烷",,565-59-3
"2,4-二甲基戊烷",二异丙基甲烷,108-08-7
"3,3-二甲基戊烷","2,2-二乙基丙烷",562-49-2
"N,N-二甲基硒脲",二甲基硒脲[不对称],5117-16-8
二甲基锌,,544-97-8
"N,N-二甲基乙醇胺","N,N-二甲基-2-羟基乙胺；2-二甲氨基乙醇",108-01-0
二甲基乙二酮,双乙酰；丁二酮,431-03-8
"N,N-二甲基异丙醇胺",1-(二甲胺基)-2-丙醇,108-16-7
二甲醚,甲醚,115-10-6
二甲胂酸,二甲次胂酸；二甲基胂酸；卡可地酸；卡可酸,75-60-5
马钱子碱,,57-24-9
"2,6-二甲氧基苯甲酰氯",,1989-53-3
"2,2-二甲氧基丙烷",,77-76-9
二甲氧基甲烷,二甲醇缩甲醛；甲缩醛；甲撑二甲醚,109-87-5
"3,3'-二甲氧基联苯胺","邻联二茴香胺；3,3'-二甲氧基-4,4'-二氨基联苯",119-90-4
二甲氧基马钱子碱,番木鳖碱,357-57-3
"1,1-二甲氧基乙烷",二甲醇缩乙醛；乙醛缩二甲醇,534-15-6
"1,2-二甲氧基乙烷",二甲基溶纤剂；乙二醇二甲醚,110-71-4
二聚丙烯醛[稳定的],,100-73-2
二聚环戊二烯,"双茂；双环戊二烯；4,7-亚甲基-3a,4,7,7a-四氢茚",77-73-6
"二硫代-4,4'-二氨基代二苯","4,4'-二氨基二苯基二硫醚二硫代对氨基苯",722-27-0
二硫化二甲基,二甲二硫；二甲基二硫；甲基化二硫,624-92-0
二硫化钛,,12039-13-3
二硫化碳,,75-15-0
二硫化硒,,7488-56-4
"2,3-二氯-1,4-萘醌 ",二氯萘醌,117-80-6
"1,1-二氯-1-硝基乙烷",,594-72-9
"1,3-二氯-2-丙醇","1,3-二氯异丙醇；1,3-二氯代甘油",96-23-1
"1,3-二氯-2-丁烯",,926-57-8
"1,4-二氯-2-丁烯",,764-41-0
"1,2-二氯苯",邻二氯苯,95-50-1
"1,3-二氯苯",间二氯苯,541-73-1
"2,3-二氯苯胺",,608-27-5
"2,4-二氯苯胺",,554-00-7
"2,5-二氯苯胺",,95-82-9
"2,6-二氯苯胺",,608-31-1
"3,4-二氯苯胺",,95-76-1
"3,5-二氯苯胺",,626-43-7
二氯苯胺异构体混合物,,27134-27-6
"2,3-二氯苯酚","2,3-二氯酚",576-24-9
"2,4-二氯苯酚","2,4-二氯酚",120-83-2
"2,5-二氯苯酚","2,5-二氯酚",583-78-8
"2,6-二氯苯酚","2,6-二氯酚",87-65-0
"3,4-二氯苯酚","3,4-二氯酚",95-77-2
"3,4-二氯苯基偶氮硫脲","3,4-二氯苯偶氮硫代氨基甲酰胺；灭鼠肼",5836-73-7
二氯苯基三氯硅烷,,27137-85-5
"2,4-二氯苯甲酰氯","2,4-二氯代氯化苯甲酰",89-75-8
"2-(2,4-二氯苯氧基)丙酸 ","2,4-滴丙酸",120-36-5
"3,4-二氯苄基氯","3,4-二氯氯化苄；氯化-3,4-二氯苄",102-47-6
"1,1-二氯丙酮",,513-88-2
"1,3-二氯丙酮","α,γ-二氯丙酮",534-07-6
"1,2-二氯丙烷",二氯化丙烯,78-87-5
"1,3-二氯丙烷",,142-28-9
"1,2-二氯丙烯",2-氯丙烯基氯,563-54-2
"1,3-二氯丙烯",,542-75-6
"2,3-二氯丙烯",,78-88-6
"1,4-二氯丁烷",,110-56-5
二氯二氟甲烷,R12,75-71-8
二氯二氟甲烷和二氟乙烷的共沸物[含二氯二氟甲烷约74%],R500,
"1,2-二氯二乙醚","乙基-1,2-二氯乙醚",623-46-1
"2,2-二氯二乙醚",对称二氯二乙醚,111-44-4
二氯硅烷,,4109-96-0
二氯化膦苯,苯基二氯磷；苯膦化二氯,644-97-3
二氯化硫,,10545-99-0
二氯化乙基铝,乙基二氯化铝,563-43-9
"2,4-二氯甲苯",,95-73-8
"2,5-二氯甲苯",,19398-61-9
"2,6-二氯甲苯",,118-69-4
"3,4-二氯甲苯",,95-75-0
"α,α-二氯甲苯","二氯化苄；二氯甲基苯；苄叉二氯；α,α-二氯甲基苯",98-87-3
二氯甲烷,亚甲基氯；甲撑氯,27639
"3,3’-二氯联苯胺",,91-94-1
二氯硫化碳,硫光气；硫代羰基氯,463-71-8
二氯醛基丙烯酸,粘氯酸；二氯代丁烯醛酸；糠氯酸,87-56-9
二氯四氟乙烷,R114,76-14-2
"1,5-二氯戊烷",,628-76-2
"2,3-二氯硝基苯","1,2-二氯-3-硝基苯",3209-22-1
"2,4-二氯硝基苯",,611-06-3
"2,5-二氯硝基苯","1,4-二氯-2-硝基苯",89-61-2
"3,4-二氯硝基苯",,99-54-7
二氯一氟甲烷,R21,75-43-4
二氯乙腈,氰化二氯甲烷,3018-12-0
二氯乙酸,二氯醋酸,79-43-6
二氯乙酸甲酯,二氯醋酸甲酯,116-54-1
二氯乙酸乙酯,二氯醋酸乙酯,535-15-9
"1,1-二氯乙烷",乙叉二氯,75-34-3
"1,2-二氯乙烷","乙撑二氯；亚乙基二氯；1,2-二氯化乙烯",107-06-2
"1,1-二氯乙烯",偏二氯乙烯；乙烯叉二氯,75-35-4
"1,2-二氯乙烯",二氯化乙炔,540-59-0
二氯乙酰氯,,79-36-7
二氯异丙基醚,二氯异丙醚,108-60-1
二氯异氰尿酸,,2782-57-2
"1,4-二羟基-2-丁炔","1,4-丁炔二醇；丁炔二醇",110-65-6
"1,5-二羟基-4,8-二硝基蒽醌",,128-91-6
"3,4-二羟基-α-((甲氨基)甲基)苄醇",肾上腺素；付肾碱；付肾素,51-43-4
"2,2'-二羟基二乙胺",二乙醇胺,111-42-2
"3,6-二羟基邻苯二甲腈","2,3-二氰基对苯二酚",4733-50-0
"2,3-二氢-2,2-二甲基苯并呋喃-7-基-N-甲基氨基甲酸酯",克百威,1563-66-2
"2,3-二氢吡喃",,25512-65-6
"2,3-二氰-5,6-二氯氢醌",,84-58-2
二肉豆蔻基过氧重碳酸酯[含量≤100%],,53220-22-7
"二肉豆蔻基过氧重碳酸酯[含量≤42%,在水中稳定弥散]",,
"2,6-二噻-1,3,5,7-四氮三环-[3,3,1,1,3,7]癸烷-2,2,6,6-四氧化物",毒鼠强,29561
二叔丁基过氧化物[52%＜含量≤100%],过氧化二叔丁基,110-05-4
"二叔丁基过氧化物[含量≤52%,含B型稀释剂≥48%]",,
"二叔丁基过氧壬二酸酯[含量≤52%,含A型稀释剂≥48%]",,16580-06-6
"1,1-二叔戊过氧基环己烷[含量≤82%,含A型稀释剂≥18%]",,15667-10-4
二-叔戊基过氧化物[含量≤100%],,10508-09-5
二水合三氟化硼,三氟化硼水合物,13319-75-0
二戊基磷酸,酸式磷酸二戊酯,3138-42-9
二烯丙基胺,二烯丙胺,124-02-7
二烯丙基代氰胺,N-氰基二烯丙基胺,538-08-9
二烯丙基硫醚,硫化二烯丙基；烯丙基硫醚,592-88-1
二烯丙基醚,烯丙基醚,557-40-4
"4,6-二硝基-2-氨基苯酚",苦氨酸；二硝基氨基苯酚,96-91-3
"4,6-二硝基-2-氨基苯酚锆",苦氨酸锆,63868-82-6
"4,6-二硝基-2-氨基苯酚钠",苦氨酸钠,831-52-7
"1,2-二硝基苯",邻二硝基苯,528-29-0
"1,3-二硝基苯",间二硝基苯,99-65-0
"1,4-二硝基苯",对二硝基苯,100-25-4
"2,4-二硝基苯胺",,35470
"2,6-二硝基苯胺",,606-22-4
"3,5-二硝基苯胺",,618-87-1
二硝基苯酚[干的或含水＜15%],,25550-58-7
二硝基苯酚溶液,,
"2,4-二硝基苯酚[含水≥15%]","1-羟基-2,4-二硝基苯",51-28-5
"2,5-二硝基苯酚[含水≥15%]",,329-71-5
"2,6-二硝基苯酚[含水≥15%]",,573-56-8
二硝基苯酚碱金属盐[干的或含水＜15%],二硝基酚碱金属盐,
"2,4-二硝基苯酚钠",,1011-73-0
"2,4-二硝基苯磺酰氯",,1656-44-6
"2,4-二硝基苯甲醚","2,4-二硝基茴香醚",119-27-7
"3,5-二硝基苯甲酰氯","3,5-二硝基氯化苯甲酰",99-33-2
"2,4-二硝基苯肼",,119-26-6
"1,3-二硝基丙烷",,6125-21-9
"2,2-二硝基丙烷",,595-49-3
"2,4-二硝基二苯胺",,961-68-2
"3,4-二硝基二苯胺",,
二硝基甘脲,,55510-04-8
"2,4-二硝基甲苯",,121-14-2
"2,6-二硝基甲苯",,606-20-2
二硝基间苯二酚,,519-44-8
二硝基联苯,,38094-35-8
二硝基邻甲酚铵,,
二硝基邻甲酚钾,,5787-96-2
"4,6-二硝基邻甲苯酚钠",,2312-76-7
二硝基邻甲苯酚钠,,
"2,4-二硝基氯化苄","2,4-二硝基苯代氯甲烷",610-57-1
"1,5-二硝基萘",,605-71-0
"1,8-二硝基萘",,602-38-0
"2,4-二硝基萘酚",,605-69-6
"2,4-二硝基萘酚钠",马汀氏黄；色淀黄,887-79-6
"2,7-二硝基芴",,5405-53-8
二硝基重氮苯酚[按质量含水或乙醇和水的混合物不低于40%],重氮二硝基苯酚,1016170
"1,2-二溴-3-丁酮",,25109-57-3
"3,5-二溴-4-羟基苄腈",溴苯腈,1689-84-5
"1,2-二溴苯",邻二溴苯,583-53-9
"2,4-二溴苯胺",,615-57-6
"2,5-二溴苯胺",,3638-73-1
"1,2-二溴丙烷",,78-75-1
二溴二氟甲烷,二氟二溴甲烷,75-61-6
二溴甲烷,二溴化亚甲基,74-95-3
"1,2-二溴乙烷",乙撑二溴；二溴化乙烯,106-93-4
二溴异丙烷,,
"N,N'-二亚硝基-N,N'-二甲基对苯二酰胺",,133-55-1
二亚硝基苯,,25550-55-4
"2,4-二亚硝基间苯二酚","1,3-二羟基-2,4-二亚硝基苯",118-02-5
"N,N'-二亚硝基五亚甲基四胺[减敏的]",发泡剂H,101-25-7
二亚乙基三胺,二乙撑三胺,111-40-0
二氧化氮,,10102-44-0
二氧化丁二烯,双环氧乙烷,298-18-0
二氧化硫,亚硫酸酐,2025884
二氧化氯,,10049-04-4
二氧化铅,过氧化铅,1309-60-0
二氧化碳[压缩的或液化的],碳酸酐,124-38-9
二氧化碳和环氧乙烷混合物,二氧化碳和氧化乙烯混合物,
二氧化碳和氧气混合物,,
二氧化硒,亚硒酐,2025852
"1,3-二氧戊环",二氧戊环；乙二醇缩甲醛,646-06-0
"1,4-二氧杂环己烷","二噁烷；1,4-二氧己环",123-91-1
"S-[2-(二乙氨基)乙基]-O,O-二乙基硫赶磷酸酯",胺吸磷,78-53-5
N-二乙氨基乙基氯,2-氯乙基二乙胺,100-35-6
二乙胺,,109-89-7
二乙二醇二硝酸酯[含不挥发、不溶于水的减敏剂≥25%],二甘醇二硝酸酯,693-21-0
"N,N-二乙基-1,3-丙二胺","N,N-二乙基-1,3-二氨基丙烷；3-二乙氨基丙胺",104-78-9
"N,N-二乙基-1-萘胺","N,N-二乙基-α-萘胺",84-95-7
"O,O-二乙基-N-(1,3-二硫戊环-2-亚基)磷酰胺[含量＞15%]","2-(二乙氧基磷酰亚氨基)-1,3-二硫戊环；硫环磷",947-02-4
"O,O-二乙基-N-(4-甲基-1,3-二硫戊环-2-亚基)磷酰胺[含量＞5%]","二乙基(4-甲基-1,3-二硫戊环-2-叉氨基)磷酸酯；地胺磷",950-10-7
"O,O-二乙基-N-1,3-二噻丁环-2-亚基磷酰胺",丁硫环磷,21548-32-3
"O,O-二乙基-O-(2,2-二氯-1-β-氯乙氧基乙烯基)-磷酸酯",彼氧磷,67329-01-5
"O,O-二乙基-O-(2-乙硫基乙基)硫代磷酸酯与O,O-二乙基-S-(2-乙硫基乙基)硫代磷酸酯的混合物[含量＞3%]",内吸磷,8065-48-3
"O,O-二乙基-O-(3-氯-4-甲基香豆素-7-基)硫代磷酸酯",蝇毒磷,56-72-4
"O,O-二乙基-O-(4-甲基香豆素基-7)硫代磷酸酯",扑杀磷,299-45-6
"O,O-二乙基-O-(4-硝基苯基)磷酸酯",对氧磷,311-45-5
"O,O-二乙基-O-(4-硝基苯基)硫代磷酸酯[含量＞4%]",对硫磷,56-38-2
"O,O-二乙基-O-(4-溴-2,5-二氯苯基)硫代磷酸酯",乙基溴硫磷,4824-78-6
"O,O-二乙基-O-(6-二乙胺次甲基-2,4-二氯)苯基硫逐磷酰酯盐酸盐",,
"O,O-二乙基-O-[2-氯-1-(2,4-二氯苯基)乙烯基]磷酸酯[含量＞20%]","2-氯-1-(2,4-二氯苯基)乙烯基二乙基磷酸酯；毒虫畏",470-90-6
"O,O-二乙基-O-2,5-二氯-4-甲硫基苯基硫代磷酸酯","O-[2,5-二氯-4-(甲硫基)苯基]-O,O-二乙基硫代磷酸酯； 虫螨磷",21923-23-9；
,,60238-56-4
"O,O-二乙基-O-2-吡嗪基硫代磷酸酯[含量＞5%]",虫线磷,297-97-2
"O,O-二乙基-O-喹噁咻-2-基硫代磷酸酯",喹硫磷,13593-03-8
"O,O-二乙基-S-(2,5-二氯苯硫基甲基)二硫代磷酸酯",芬硫磷,2275-14-1
"O,O-二乙基-S-(2-氯-1-酞酰亚氨基乙基)二硫代磷酸酯",氯亚胺硫磷,10311-84-9
"O,O-二乙基-S-(2-乙基亚磺酰基乙基)二硫代磷酸酯",砜拌磷,218239
"O,O-二乙基-S-(2-乙硫基乙基)二硫代磷酸酯[含量＞15%]",乙拌磷,298-04-4
"O,O-二乙基-S-(4-甲基亚磺酰基苯基)硫代磷酸酯[含量＞4%]",丰索磷,115-90-2
"O,O-二乙基-S-(4-氯苯硫基甲基)二硫代磷酸酯",三硫磷,786-19-6
"O,O-二乙基-S-(对硝基苯基)硫代磷酸","硫代磷酸-O,O-二乙基-S-(4-硝基苯基)酯",3270-86-8
"O,O-二乙基-S-(乙硫基甲基)二硫代磷酸酯",甲拌磷,298-02-2
"O,O-二乙基-S-(异丙基氨基甲酰甲基)二硫代磷酸酯[含量＞15%]",发硫磷,2275-18-5
"O,O-二乙基-S-[N-(1-氰基-1-甲基乙基)氨基甲酰甲基]硫代磷酸酯",S-{2-[(1-氰基-1-甲基乙基)氨基]-2-氧代乙基}-O，O-二乙基硫代磷酸酯；果虫磷,3734-95-0
"O,O-二乙基-S-氯甲基二硫代磷酸酯[含量＞15%]",氯甲硫磷,24934-91-6
"O,O-二乙基-S-叔丁基硫甲基二硫代磷酸酯",特丁硫磷,13071-79-9
"O,O-二乙基-S-乙基亚磺酰基甲基二硫代磷酸酯",甲拌磷亚砜,251354
1-二乙基氨基-4-氨基戊烷,"2-氨基-5-二乙基氨基戊烷；N',N'-二乙基-1,4-戊二胺；2-氨基-5-二乙氨基戊烷",140-80-7
二乙基氨基氰,氰化二乙胺,617-83-4
"1,2-二乙基苯",邻二乙基苯,135-01-3
"1,3-二乙基苯",间二乙基苯,141-93-5
"1,4-二乙基苯",对二乙基苯,105-05-5
"N,N-二乙基苯胺",二乙氨基苯,91-66-7
"N-(2,6-二乙基苯基)-N-甲氧基甲基-氯乙酰胺",甲草胺,15972-60-8
"N,N-二乙基对甲苯胺",4-(二乙胺基)甲苯,613-48-9
"N,N-二乙基二硫代氨基甲酸-2-氯烯丙基酯",菜草畏,34857
二乙基二氯硅烷,二氯二乙基硅烷,1719-53-5
二乙基汞,二乙汞,627-44-1
"1,2-二乙基肼",二乙基肼[不对称],1615-80-1
"N,N-二乙基邻甲苯胺",2-(二乙胺基)甲苯,302515
"O,O'-二乙基硫代磷酰氯",二乙基硫代磷酰氯,228004
二乙基镁,,557-18-6
二乙基硒,,627-53-2
二乙基锌,,557-20-0
"N,N-二乙基乙撑二胺","N,N-二乙基乙二胺",100-36-7
"N,N-二乙基乙醇胺",2-(二乙胺基)乙醇,100-37-8
二乙硫醚,硫代乙醚；二乙硫,352-93-2
二乙烯基醚[稳定的],乙烯基醚,109-93-3
"3,3-二乙氧基丙烯",丙烯醛二乙缩醛；二乙基缩醛丙烯醛,3054-95-3
二乙氧基甲烷,甲醛缩二乙醇；二乙醇缩甲醛,462-95-3
"1,1-二乙氧基乙烷",乙叉二乙基醚；二乙醇缩乙醛；乙缩醛,105-57-7
二异丙胺,,108-18-9
二异丙醇胺,"2,2'-二羟基二丙胺",110-97-4
"O,O-二异丙基-S-(2-苯磺酰胺基)乙基二硫代磷酸酯","S-2-苯磺酰基氨基乙基-O,O-二异丙基二硫代磷酸酯；地散磷",741-58-2
二异丙基二硫代磷酸锑,,
"N,N-二异丙基乙胺",N-乙基二异丙胺,7087-68-5
"N,N-二异丙基乙醇胺","N,N-二异丙氨基乙醇",96-80-0
二异丁胺,,110-96-3
二异丁基酮,"2,6-二甲基-4-庚酮",108-83-8
二异戊醚,,544-01-4
二异辛基磷酸,酸式磷酸二异辛酯,27215-10-7
二正丙胺,二丙胺,142-84-7
二正丙基过氧重碳酸酯[含量≤100%],,16066-38-9
"二正丙基过氧重碳酸酯[含量≤77%,含B型稀释剂≥23%]",,
二正丁胺,二丁胺,111-92-2
"N,N-二正丁基氨基乙醇","N,N-二正丁基乙醇胺；2-二丁氨基乙醇",102-81-8
"二-正丁基过氧重碳酸酯[含量≤27%,含B型稀释剂≥73%]",,16215-49-9
"二-正丁基过氧重碳酸酯[27%＜含量≤52%,含B型稀释剂≥48%]",,
"二-正丁基过氧重碳酸酯[含量≤42%,在水(冷冻)中稳定弥散]",,
二正戊胺,二戊胺,2050-92-2
二仲丁胺,,626-23-3
发烟硫酸,硫酸和三氧化硫的混合物；焦硫酸,8014-95-7
发烟硝酸,,52583-42-3
钒酸铵钠,,12055-09-3
钒酸钾,钒酸三钾,14293-78-8
放线菌素,,1402-38-6
放线菌素D,,50-76-0
呋喃,氧杂茂,110-00-9
2-呋喃甲醇,糠醇,98-00-0
呋喃甲酰氯,氯化呋喃甲酰,527-69-5
氟,,7782-41-4
"1-氟-2,4-二硝基苯","2,4-二硝基-1-氟苯",70-34-8
2-氟苯胺,邻氟苯胺；邻氨基氟化苯,348-54-9
3-氟苯胺,间氟苯胺；间氨基氟化苯,372-19-0
4-氟苯胺,对氟苯胺；对氨基氟化苯,371-40-4
氟代苯,氟苯,462-06-6
氟代甲苯,,25496-08-6
氟锆酸钾,氟化锆钾,16923-95-8
氟硅酸,硅氟酸,16961-83-4
氟硅酸铵,,1309-32-6
氟硅酸钾,,16871-90-2
氟硅酸钠,,16893-85-9
氟化铵,,12125-01-8
氟化钡,,7787-32-8
氟化锆,,7783-64-4
氟化镉,,7790-79-6
氟化铬,三氟化铬,7788-97-8
氟化汞,二氟化汞,7783-39-3
氟化钴,三氟化钴,10026-18-3
氟化钾,,7789-23-3
氟化镧,三氟化镧,13709-38-1
氟化锂,,7789-24-4
氟化钠,,7681-49-4
氟化铅,二氟化铅,7783-46-2
氟化氢[无水],,7664-39-3
氟化氢铵,酸性氟化铵；二氟化氢铵,1341-49-7
氟化氢钾,酸性氟化钾；二氟化氢钾,7789-29-9
氟化氢钠,酸性氟化钠；二氟化氢钠,1333-83-1
氟化铷,,13446-74-7
氟化铯,,13400-13-0
氟化铜,二氟化铜,7789-19-7
氟化锌,,7783-49-5
氟化亚钴,二氟化钴,10026-17-2
氟磺酸,,7789-21-1
2-氟甲苯,邻氟甲苯；邻甲基氟苯；2-甲基氟苯,95-52-3
3-氟甲苯,间氟甲苯；间甲基氟苯；3-甲基氟苯,352-70-5
4-氟甲苯,对氟甲苯；对甲基氟苯；4-甲基氟苯,352-32-9
氟甲烷,R41；甲基氟,593-53-3
氟磷酸[无水],,13537-32-1
氟硼酸,,16872-11-0
氟硼酸-3-甲基-4-(吡咯烷-1-基)重氮苯,,36422-95-4
氟硼酸镉,,14486-19-2
氟硼酸铅,,13814-96-5
氟硼酸铅溶液[含量＞28%],,
氟硼酸锌,,13826-88-5
氟硼酸银,,14104-20-2
氟铍酸铵,氟化铍铵,14874-86-3
氟铍酸钠,,13871-27-7
氟钽酸钾,钽氟酸钾；七氟化钽钾,16924-00-8
氟乙酸,氟醋酸,144-49-0
氟乙酸-2-苯酰肼,法尼林,2343-36-4
氟乙酸钾,氟醋酸钾,23745-86-0
氟乙酸甲酯,,453-18-9
氟乙酸钠,氟醋酸钠,62-74-8
氟乙酸乙酯,氟醋酸乙酯,459-72-3
氟乙烷,R161；乙基氟,353-36-6
氟乙烯[稳定的],乙烯基氟,27430
氟乙酰胺,,640-19-7
钙,金属钙,7440-70-2
金属钙粉,钙粉,
钙合金,,
钙锰硅合金,,
甘露糖醇六硝酸酯[湿的，按质量含水或乙醇和水的混合物不低于40％],六硝基甘露醇,15825-70-4
高碘酸,过碘酸；仲高碘酸,10450-60-9
高碘酸铵,过碘酸铵,13446-11-2
高碘酸钡,过碘酸钡,13718-58-6
高碘酸钾,过碘酸钾,7790-21-8
高碘酸钠,过碘酸钠,7790-28-5
高氯酸[浓度＞72%],过氯酸,7601-90-3
高氯酸[浓度≤50%],,
高氯酸[浓度50%～72%],,
高氯酸铵,过氯酸铵,7790-98-9
高氯酸钡,过氯酸钡,13465-95-7
高氯酸醋酐溶液,过氯酸醋酐溶液,
高氯酸钙,过氯酸钙,13477-36-6
高氯酸钾,过氯酸钾,7778-74-7
高氯酸锂,过氯酸锂,2151713
高氯酸镁,过氯酸镁,10034-81-8
高氯酸钠,过氯酸钠,7601-89-0
高氯酸铅,过氯酸铅,13637-76-8
高氯酸锶,过氯酸锶,13450-97-0
高氯酸亚铁,,13520-69-9
高氯酸银,过氯酸银,7783-93-9
高锰酸钡,过锰酸钡,7787-36-2
高锰酸钙,过锰酸钙,10118-76-0
高锰酸钾,过锰酸钾；灰锰氧,7722-64-7
高锰酸钠,过锰酸钠,10101-50-5
高锰酸锌,过锰酸锌,23414-72-4
高锰酸银,过锰酸银,7783-98-4
镉[非发火的],,7440-43-9
铬硫酸,,
铬酸钾,,7789-00-6
铬酸钠,,2146108
铬酸铍,,14216-88-7
铬酸铅,,7758-97-6
铬酸溶液,,7738-94-5
铬酸叔丁酯四氯化碳溶液,,1189-85-1
庚二腈,"1,5-二氰基戊烷",646-20-8
庚腈,氰化正己烷,629-08-3
1-庚炔,正庚炔,628-71-7
庚酸,正庚酸,111-14-8
2-庚酮,甲基戊基甲酮,110-43-0
3-庚酮,乙基正丁基甲酮,106-35-4
4-庚酮,乳酮；二丙基甲酮,123-19-3
1-庚烯,正庚烯；正戊基乙烯,592-76-7
2-庚烯,,592-77-8
3-庚烯,,592-78-9
汞,水银,7439-97-6
挂-3-氯桥-6-氰基-2-降冰片酮-O-(甲基氨基甲酰基)肟,肟杀威,15271-41-7
硅粉[非晶形的],,7440-21-3
硅钙,二硅化钙,12013-56-8
硅化钙,,12013-55-7
硅化镁,,22831-39-6；
,,39404-03-0
硅锂,,68848-64-6
硅铝,,57485-31-1
硅铝粉[无涂层的],,
硅锰钙,,12205-44-6
硅酸铅,,10099-76-0；
,,11120-22-2
硅酸四乙酯,四乙氧基硅烷；正硅酸乙酯,28767
硅铁锂,,64082-35-5
硅铁铝[粉末状的],,12003-41-7
癸二酰氯,氯化癸二酰,111-19-3
癸硼烷,十硼烷；十硼氢,17702-41-9
1-癸烯,,872-05-9
过二硫酸铵,高硫酸铵；过硫酸铵,7727-54-0
过二硫酸钾,高硫酸钾；过硫酸钾,7727-21-1
过二碳酸二-(2-乙基己)酯[77%＜含量≤100%],,16111-62-9
"过二碳酸二-(2-乙基己)酯[含量≤52%,在水(冷冻)中稳定弥散]",,
"过二碳酸二-(2-乙基己)酯[含量≤62%,在水中稳定弥散]",,
"过二碳酸二-(2-乙基己)酯[含量≤77%,含B型稀释剂≥23%]",,
"过二碳酸二-(2-乙氧乙)酯[含量≤52%,含B型稀释剂≥48%]",,
"过二碳酸二-(3-甲氧丁)酯[含量≤52%,含B型稀释剂≥48%]",,52238-68-3
过二碳酸钠,,3313-92-6
"过二碳酸异丙仲丁酯、过二碳酸二仲丁酯和过二碳酸二异丙酯的混合物[过二碳酸异丙仲丁酯≤32%,15%≤过二碳酸二仲丁酯≤18%,12%≤过二碳酸二异丙酯≤15%,含A型稀释剂≥38%]",,
"过二碳酸异丙仲丁酯、过二碳酸二仲丁酯和过二碳酸二异丙酯的混合物[过二碳酸异丙仲丁酯≤52%,过二碳酸二仲丁酯≤28%,过二碳酸二异丙酯≤22%]",,
过硫酸钠,过二硫酸钠；高硫酸钠,7775-27-1
过氯酰氟,氟化过氯氧；氟化过氯酰,7616-94-6
过硼酸钠,高硼酸钠,15120-21-5；
,,7632-04-4；
,,11138-47-9
"过新庚酸-1,1-二甲基-3-羟丁酯[含量≤52%,含A型稀释剂≥48%]",,110972-57-1
"过新庚酸枯酯[含量≤77%,含A型稀释剂≥23%]",,104852-44-0
"过新癸酸叔己酯[含量≤71%,含A型稀释剂≥29%]",,26748-41-4
"过氧-3,5,5-三甲基己酸叔丁酯[32%＜含量≤100%]","叔丁基过氧化-3,5,5-三甲基己酸酯",13122-18-4
"过氧-3,5,5-三甲基己酸叔丁酯[含量≤32%,含B型稀释剂≥68%]",,
"过氧-3,5,5-三甲基己酸叔丁酯[含量≤42%,惰性固体含量≥58%]",,
过氧苯甲酸叔丁酯[77%＜含量≤100%],,614-45-9
"过氧苯甲酸叔丁酯[52%＜含量≤77%,含A型稀释剂≥23%]",,
"过氧苯甲酸叔丁酯[含量≤52%,惰性固体含量≥48%]",,
"过氧丁烯酸叔丁酯[含量≤77%,含A型稀释剂≥23%]",过氧化叔丁基丁烯酸酯；过氧化巴豆酸叔丁酯,23474-91-1
过氧化钡,二氧化钡,1304-29-6
过氧化苯甲酸叔戊酯[含量≤100%],叔戊基过氧苯甲酸酯,4511-39-1
"过氧化丙酰[含量≤27%,含B型稀释剂≥73%]",过氧化二丙酰,3248-28-0
"过氧化二-(2,4-二氯苯甲酰)[糊状物,含量≤52%]",,133-14-2
"过氧化二-(2,4-二氯苯甲酰)[含硅油糊状,含量≤52%]",,
"过氧化二-(2,4-二氯苯甲酰)[含量≤77%,含水≥23%]",,
"过氧化-二-(3,5,5-三甲基-1,2-二氧戊环)[糊状物,含量≤52%]",,
"过氧化二(3-甲基苯甲酰)、过氧化(3-甲基苯甲酰)苯甲酰和过氧化二苯甲酰的混合物[过氧化二(3-甲基苯甲酰)≤20%,过氧化(3-甲基苯甲酰)苯甲酰≤18%,过氧化二苯甲酰≤4%，含B型稀释剂≥58%]",,
过氧化二-(4-氯苯甲酰)[含量≤77%],,94-17-7
"过氧化二-(4-氯苯甲酰)[糊状物,含量≤52%]",,
"过氧化二苯甲酰[51%＜含量≤100%,惰性固体含量≤48%]",,94-36-0
"过氧化二苯甲酰[35%＜含量≤52%,惰性固体含量≥48%]",,
"过氧化二苯甲酰[36%＜含量≤42%,含A型稀释剂≥18%,含水≤40%]",,
"过氧化二苯甲酰[77%＜含量≤94%,含水≥6%]",,
"过氧化二苯甲酰[含量≤42%,在水中稳定弥散]",,
"过氧化二苯甲酰[含量≤62%,惰性固体含量≥28%,含水≥10%]",,
"过氧化二苯甲酰[含量≤77%,含水≥23%]",,
"过氧化二苯甲酰[糊状物,52%＜含量≤62%]",,
"过氧化二苯甲酰[糊状物,含量≤52%]",,
"过氧化二苯甲酰[糊状物,含量≤56.5%,含水≥15%]",,
"过氧化二苯甲酰[含量≤35%,含惰性固体≥65%]",,
过氧化二癸酰[含量≤100%],,762-12-9
过氧化二琥珀酸[72%＜含量≤100%],过氧化双丁二酸；过氧化丁二酰,123-23-9
过氧化二琥珀酸[含量≤72%],,
"2,2-过氧化二氢丙烷[含量≤27%,含惰性固体≥73%]",,2614-76-8
"过氧化二碳酸二(十八烷基)酯[含量≤87%,含有十八烷醇]",过氧化二(十八烷基)二碳酸酯；过氧化二碳酸二硬脂酰酯,52326-66-6
"过氧化二碳酸二苯甲酯[含量≤87%,含水]",过氧化苄基二碳酸酯,2144-45-8
"过氧化二碳酸二乙酯[在溶液中,含量≤27%]",过氧化二乙基二碳酸酯,14666-78-5
过氧化二碳酸二异丙酯[52%＜含量≤100%],过氧重碳酸二异丙酯,105-64-6
"过氧化二碳酸二异丙酯[含量≤52%,含B型稀释剂≥48%]",,
"过氧化二碳酸二异丙酯[含量≤32%,含A型稀释剂≥68%]",,
"过氧化二乙酰[含量≤27%,含B型稀释剂≥73%]",,110-22-5
过氧化二异丙苯[52%＜含量≤100%],二枯基过氧化物；硫化剂DCP,80-43-3
"过氧化二异丙苯[含量≤52%,含惰性固体≥48%]",,
"过氧化二异丁酰[含量≤32%,含B型稀释剂≥68%]",,3437-84-1
"过氧化二异丁酰[32%＜含量≤52%,含B型稀释剂≥48%]",,
过氧化二月桂酰[含量≤100%],,105-74-8
"过氧化二月桂酰[含量≤42%,在水中稳定弥散]",,
过氧化二正壬酰[含量≤100%],,
过氧化二正辛酰[含量≤100%],过氧化正辛酰,762-16-3
过氧化钙,二氧化钙,1305-79-9
"过氧化环己酮[含量≤72%,含A型稀释剂≥28%]",,78-18-2
"过氧化环己酮[含量≤91%,含水≥9%]",,
"过氧化环己酮[糊状物,含量≤72%]",,
"过氧化甲基环己酮[含量≤67%,含B型稀释剂≤33%]",,11118-65-3
"过氧化甲基乙基酮[10%＜有效氧含量 ≤10.7%,含A型稀释剂≥48%]",,1338-23-4
"过氧化甲基乙基酮[有效氧含量≤10%,含A型稀释剂≥55%]",,
"过氧化甲基乙基酮[有效氧含量≤8.2%,含A型稀释剂≥60%]",,
"过氧化甲基异丙酮[活性氧含量≤6.7%,含A型稀释剂≥70%]",,182893-11-4
"过氧化甲基异丁基酮[含量≤62%,含A型稀释剂≥19%]",,28056-59-9
过氧化钾,,17014-71-0
过氧化锂,,12031-80-0
过氧化邻苯二甲酸叔丁酯,过氧化叔丁基邻苯二甲酸酯,15042-77-0
过氧化镁,二氧化镁,1335-26-8
过氧化钠,双氧化钠；二氧化钠,1313-60-6
过氧化脲,过氧化氢尿素；过氧化氢脲,124-43-6
过氧化氢苯甲酰,过苯甲酸,93-59-4
过氧化氢对孟烷,过氧化氢孟烷,80-47-7
"过氧化氢二叔丁基异丙基苯[42%＜含量≤100%,惰性固体含量≤57%]",二-(叔丁基过氧)异丙基苯,25155-25-3
"过氧化氢二叔丁基异丙基苯[含量≤42%,惰性固体含量≥58%]",,
过氧化氢溶液[含量＞8%],,7722-84-1
"过氧化氢叔丁基[79%＜含量≤90%,含水≥10%]",过氧化叔丁醇；过氧化氢第三丁基；叔丁基过氧化氢,75-91-2
"过氧化氢叔丁基[含量≤80%,含A型稀释剂≥20%]",,
"过氧化氢叔丁基[含量≤79%,含水＞14%]",,
"过氧化氢叔丁基[含量≤72%,含水≥28%]",,
过氧化氢四氢化萘,,771-29-9
"过氧化氢异丙苯[90%＜含量≤98%,含A型稀释剂≤10%]",,80-15-9
"过氧化氢异丙苯[含量≤90%,含A型稀释剂≥10%]",,
过氧化十八烷酰碳酸叔丁酯,叔丁基过氧化硬脂酰碳酸酯,
过氧化叔丁基异丙基苯[42%＜含量≤100%],"1,1-二甲基乙基-1-甲基-1-苯基乙基过氧化物",3457-61-2
"过氧化叔丁基异丙基苯[含量≤52%,惰性固体含量≥48%]",,
"过氧化双丙酮醇[含量≤57%,含B型稀释剂≥26%,含水≥8%]",,54693-46-8
过氧化锶,二氧化锶,1314-18-7
过氧化碳酸钠水合物,过碳酸钠,15630-89-4
过氧化锌,二氧化锌,1314-22-3
"过氧化新庚酸叔丁酯[含量≤42%,在水中稳定弥散]",,26748-38-9
"过氧化新庚酸叔丁酯[含量≤77%,含A型稀释剂≥23%]",,
"1-(2-过氧化乙基己醇-1,3-二甲基丁基过氧化新戊酸酯[含量≤52%,含A型稀释剂≥45%,含B型稀释剂≥10%]",,228415-62-1
过氧化乙酰苯甲酰[在溶液中含量≤45%],乙酰过氧化苯甲酰,644-31-5
"过氧化乙酰丙酮[糊状物,含量≤32%,含溶剂≥44%,含水≥9%,带有惰性固体≥11%]",,37187-22-7
"过氧化乙酰丙酮[在溶液中,含量≤42%,含水≥8%,含A型稀释剂≥48%,含有效氧≤4.7%]",,
"过氧化异丁基甲基甲酮[在溶液中,含量≤62%,含A型稀释剂≥19%，含甲基异丁基酮]",,37206-20-5
过氧化月桂酸[含量≤100%],,178581
过氧化二异壬酰[含量≤100%],"过氧化二-(3,5,5-三甲基)己酰",3851-87-4
"过氧新癸酸枯酯[含量≤52%,在水中稳定弥散]",过氧化新癸酸异丙基苯酯；过氧化异丙苯基新癸酸酯,26748-47-0
"过氧新癸酸枯酯[含量≤77%,含B型稀释剂≥23%]",,
"过氧新癸酸枯酯[含量≤87%,含A型稀释剂≥13%]",,
"过氧新戊酸枯酯[含量≤77%,含B型稀释剂≥23%]",,23383-59-7
"1,1,3,3-过氧新戊酸四甲叔丁酯[含量≤77%,含A型稀释剂≥23%]",,22288-41-1
"过氧异丙基碳酸叔丁酯[含量≤77%,含A型稀释剂≥23%]",,2372-21-6
过氧重碳酸二环己酯[91%＜含量≤100%],过氧化二碳酸二环己酯,1561-49-5
"过氧重碳酸二环己酯[含量≤42%,在水中稳定弥散]",,
过氧重碳酸二环己酯[含量≤91%],,
过氧重碳酸二仲丁酯[52%＜含量＜100%],过氧化二碳酸二仲丁酯,19910-65-7
"过氧重碳酸二仲丁酯[含量≤52%,含B型稀释剂≥48%]",,
"过乙酸[含量≤16%,含水≥39%,含乙酸≥15%,含过氧化氢≤24%,含有稳定剂]",过醋酸；过氧乙酸；乙酰过氧化氢,79-21-0
"过乙酸[含量≤43%,含水≥5%,含乙酸≥35%,含过氧化氢≤6%,含有稳定剂]",,
"过乙酸叔丁酯[32%＜含量≤52%,含A型稀释剂≥48%]",,107-71-1
"过乙酸叔丁酯[52%＜含量≤77%,含A型稀释剂≥23%]",,
"过乙酸叔丁酯[含量≤32%,含B型稀释剂≥68%]",,
海葱糖甙,红海葱甙,507-60-8
氦[压缩的或液化的],,7440-59-7
"氨肥料[溶液,含游离氨＞35%]",,
核酸汞,,12002-19-6
红磷,赤磷,7723-14-0
芐胺,苯甲胺,100-46-9
花青甙,矢车菊甙,581-64-6
环丙基甲醇,,2516-33-8
环丙烷,,75-19-4
环丁烷,,287-23-0
"1,3,5-环庚三烯",环庚三烯,544-25-2
环庚酮,软木酮,502-42-1
环庚烷,,291-64-5
环庚烯,,628-92-2
环己胺,六氢苯胺；氨基环己烷,108-91-8
环己二胺,"1,2-二氨基环己烷",694-83-7
"1,3-环己二烯","1,2-二氢苯",592-57-4
"1,4-环己二烯","1,4-二氢苯",628-41-1
2-环己基丁烷,仲丁基环己烷,1883929
N-环己基环己胺亚硝酸盐,二环己胺亚硝酸；亚硝酸二环己胺,3129-91-7
环己基硫醇,,1569-69-3
环己基三氯硅烷,,36133
环己基异丁烷,异丁基环己烷,1678-98-4
1-环己基正丁烷,正丁基环己烷,1678-93-9
环己酮,,108-94-1
环己烷,六氢化苯,110-82-7
环己烯,"1,2,3,4-四氢化苯",110-83-8
2-环己烯-1-酮,环己烯酮,930-68-7
环己烯基三氯硅烷,,10137-69-6
环三亚甲基三硝胺[含水≥15%],黑索金；旋风炸药,121-82-4
环三亚甲基三硝胺[减敏的],,
环三亚甲基三硝胺与环四亚甲基四硝胺混合物[含水≥15%或含减敏剂≥10%],黑索金与奥克托金混合物,
环三亚甲基三硝胺与三硝基甲苯和铝粉混合物,黑索金与梯恩梯和铝粉混合炸药；黑索托纳尔,
环三亚甲基三硝胺与三硝基甲苯混合物[干的或含水＜15%],黑索雷特,
环四亚甲基四硝胺[含水≥15%],奥克托今(HMX),2691-41-0
环四亚甲基四硝胺[减敏的],,
环四亚甲基四硝胺与三硝基甲苯混合物[干的或含水＜15%],奥克托金与梯恩梯混合炸药；奥克雷特,
环烷酸钴[粉状的],萘酸钴,61789-51-3
环烷酸锌,萘酸锌,12001-85-3
环戊胺,氨基环戊烷,1003-03-8
环戊醇,羟基环戊烷,96-41-3
"1,3-环戊二烯",环戊间二烯；环戊二烯,542-92-7
环戊酮,,120-92-3
环戊烷,,287-92-3
环戊烯,,142-29-0
"1,3-环辛二烯",,3806-59-5
"1,5-环辛二烯",,111-78-4
"1,3,5,7-环辛四烯",环辛四烯,629-20-9
环辛烷,,292-64-8
环辛烯,,931-87-3
"2,3-环氧-1-丙醛",缩水甘油醛,765-34-4
"1,2-环氧-3-乙氧基丙烷",,773168
"2,3-环氧丙基苯基醚",双环氧丙基苯基醚,122-60-1
"1,2-环氧丙烷",氧化丙烯；甲基环氧乙烷,75-56-9
"1,2-环氧丁烷",氧化丁烯,106-88-7
环氧乙烷,氧化乙烯,75-21-8
环氧乙烷和氧化丙烯混合物[含环氧乙烷≤30%],氧化乙烯和氧化丙烯混合物,
"1,8-环氧对孟烷",桉叶油醇,470-82-6
"4,9-环氧,3-(2-羟基-2-甲基丁酸酯)15-(S)2-甲基丁酸酯),[3β(S),4α,7α,15α®,16β]-瑟文-3,4,7,14,15,16,20-庚醇",杰莫灵,63951-45-1
黄原酸盐,,
磺胺苯汞,磺胺汞,
磺化煤油,,
混胺-02,,
己醇钠,,19779-06-7
"1,6-己二胺","1,6-二氨基己烷；己撑二胺",124-09-4
己二腈,"1,4-二氰基丁烷；氰化四亚甲基",111-69-3
"1,3-己二烯",,592-48-3
"1,4-己二烯",,592-45-0
"1,5-己二烯",,592-42-7
"2,4-己二烯",,592-46-1
己二酰二氯,己二酰氯,111-50-2
己基三氯硅烷,,928-65-4
己腈,戊基氰；氰化正戊烷,628-73-9
己硫醇,巯基己烷,111-31-9
1-己炔,,693-02-7
2-己炔,,764-35-2
3-己炔,,928-49-4
己酸,,142-62-1
2-己酮,甲基丁基甲酮,591-78-6
3-己酮,乙基丙基甲酮,589-38-8
1-己烯,丁基乙烯,592-41-6
2-己烯,,592-43-8
4-己烯-1-炔-3-醇,,10138-60-0
5-己烯-2-酮,烯丙基丙酮,109-49-9
己酰氯,氯化己酰,142-61-0
季戊四醇四硝酸酯[含蜡≥7%],泰安；喷梯尔；P.E.T.N.,28799
季戊四醇四硝酸酯[含水≥25%或含减敏剂≥15%],,
季戊四醇四硝酸酯与三硝基甲苯混合物[干的或含水＜15%],泰安与梯恩梯混合炸药；彭托雷特,
镓,金属镓,7440-55-3
甲苯,甲基苯；苯基甲烷,108-88-3
"甲苯-2,4-二异氰酸酯","2,4-二异氰酸甲苯酯；2,4-TDI",584-84-9
"甲苯-2,6-二异氰酸酯","2,6-二异氰酸甲苯酯；2,6-TDI",33457
甲苯二异氰酸酯,二异氰酸甲苯酯；TDI,26471-62-5
"甲苯-3,4-二硫酚","3,4-二巯基甲苯",496-74-2
2-甲苯硫酚,邻甲苯硫酚；2-巯基甲苯,137-06-4
3-甲苯硫酚,间甲苯硫酚；3-巯基甲苯,108-40-7
4-甲苯硫酚,对甲苯硫酚；4-巯基甲苯,106-45-6
甲醇,木醇；木精,67-56-1
甲醇钾,,865-33-8
甲醇钠,甲氧基钠,124-41-4
甲醇钠甲醇溶液,甲醇钠合甲醇,
2-甲酚,1-羟基-2-甲苯；邻甲酚,95-48-7
3-甲酚,1-羟基-3-甲苯；间甲酚,108-39-4
4-甲酚,1-羟基-4-甲苯；对甲酚,106-44-5
甲酚,甲苯基酸；克利沙酸；甲苯酚异构体混合物,1319-77-3
甲硅烷,硅烷；四氢化硅,7803-62-5
"2-甲基-1,3-丁二烯[稳定的]",异戊间二烯；异戊二烯,78-79-5
"6-甲基-1,4-二氮萘基-2,3-二硫代碳酸酯 ","6-甲基-1,3-二硫杂环戊烯并(4,5-b)喹喔啉-2-二酮；灭螨猛",196869
2-甲基-1-丙醇,异丁醇,78-83-1
2-甲基-1-丙硫醇,异丁硫醇,513-44-0
2-甲基-1-丁醇,活性戊醇；旋性戊醇,137-32-6
3-甲基-1-丁醇,异戊醇,123-51-3
2-甲基-1-丁硫醇,,1878-18-8
3-甲基-1-丁硫醇,异戊硫醇,541-31-1
2-甲基-1-丁烯,,563-46-2
3-甲基-1-丁烯,α-异戊烯；异丙基乙烯,563-45-1
3-(1-甲基-2-四氢吡咯基)吡啶硫酸盐,硫酸化烟碱,65-30-5
4-甲基-1-环己烯,,591-47-9
1-甲基-1-环戊烯,,693-89-0
2-甲基-1-戊醇,,105-30-6
3-甲基-1-戊炔-3-醇,2-乙炔-2-丁醇,77-75-8
2-甲基-1-戊烯,,763-29-1
3-甲基-1-戊烯,,760-20-3
4-甲基-1-戊烯,,691-37-2
2-甲基-2-丙醇,叔丁醇；三甲基甲醇；特丁醇,75-65-0
2-甲基-2-丁醇,叔戊醇,75-85-4
3-甲基-2-丁醇,,598-75-4
2-甲基-2-丁硫醇,叔戊硫醇；特戊硫醇,1679-09-0
3-甲基-2-丁酮,甲基异丙基甲酮,563-80-4
2-甲基-2-丁烯,β-异戊烯,513-35-9
5-甲基-2-己酮,,110-12-3
2-甲基-2-戊醇,,590-36-3
4-甲基-2-戊醇,甲基异丁基甲醇,108-11-2
3-甲基-2-戊酮,甲基仲丁基甲酮,565-61-7
4-甲基-2-戊酮,甲基异丁基酮；异己酮,108-10-1
2-甲基-2-戊烯,,625-27-4
3-甲基-2-戊烯,,922-61-2
4-甲基-2-戊烯,,4461-48-7
3-甲基-2-戊烯-4-炔醇,,105-29-3
1-甲基-3-丙基苯,3-丙基甲苯,1074-43-7
2-甲基-3-丁炔-2-醇,,115-19-5
2-甲基-3-戊醇,,565-67-3
3-甲基-3-戊醇,,77-74-7
2-甲基-3-戊酮,乙基异丙基甲酮,565-69-5
4-甲基-3-戊烯-2-酮,异丙叉丙酮；异亚丙基丙酮,141-79-7
2-甲基-3-乙基戊烷,,609-26-7
"2-甲基-4,6-二硝基酚","4,6-二硝基邻甲苯酚；二硝酚",534-52-1
1-甲基-4-丙基苯,4-丙基甲苯,1074-55-1
2-甲基-5-乙基吡啶,,104-90-5
3-甲基-6-甲氧基苯胺,邻氨基对甲苯甲醚,120-71-8
S-甲基-N-[(甲基氨基甲酰基)-氧基]硫代乙酰胺酸酯,灭多威；O-甲基氨基甲酰酯-2-甲硫基乙醛肟,16752-77-5
O-甲基-O-(2-异丙氧基甲酰基苯基)硫代磷酰胺,水胺硫磷,24353-61-5
"O-甲基-O-(4-溴-2,5-二氯苯基)苯基硫代磷酸酯 ",溴苯膦,21609-90-5
O-甲基-O-[(2-异丙氧基甲酰)苯基]-N-异丙基硫代磷酰胺,甲基异柳磷,99675-03-3
O-甲基-S-甲基-硫代磷酰胺,甲胺磷,10265-92-6
O-(甲基氨基甲酰基)-1-二甲氨基甲酰-1-甲硫基甲醛肟,杀线威,23135-22-0
O-甲基氨基甲酰基-2-甲基-2-(甲硫基)丙醛肟,涕灭威,116-06-3
"O-甲基氨基甲酰基-3,3-二甲基-1-(甲硫基)丁醛肟","O-甲基氨基甲酰基-3,3-二甲基-1-(甲硫基)丁醛肟；久效威",39196-18-4
2-甲基苯胺,邻甲苯胺；2-氨基甲苯；邻氨基甲苯,95-53-4
3-甲基苯胺,间甲苯胺；3-氨基甲苯；间氨基甲苯,108-44-1
4-甲基苯胺,对甲基苯胺；4-氨甲苯；对氨基甲苯,106-49-0
N-甲基苯胺,,100-61-8
甲基苯基二氯硅烷,,149-74-6
α-甲基苯基甲醇,苯基甲基甲醇；α-甲基苄醇,98-85-1
2-甲基苯甲腈,邻甲苯基氰；邻甲基苯甲腈,529-19-1
3-甲基苯甲腈,间甲苯基氰；间甲基苯甲腈,620-22-4
4-甲基苯甲腈,对甲苯基氰；对甲基苯甲腈,104-85-8
4-甲基苯乙烯[稳定的],对甲基苯乙烯,622-97-9
2-甲基吡啶,α-皮考林,109-06-8
3-甲基吡啶,β-皮考林,108-99-6
4-甲基吡啶,γ-皮考林,108-89-4
3-甲基吡唑-5-二乙基磷酸酯,吡唑磷,108-34-9
(S)-3-(1-甲基吡咯烷-2-基)吡啶,烟碱；尼古丁；1-甲基-2-(3-吡啶基)吡咯烷,20033
甲基苄基溴,甲基溴化苄；α-溴代二甲苯,89-92-9
甲基苄基亚硝胺,N-甲基-N-亚磷基苯甲胺,937-40-6
甲基丙基醚,甲丙醚,557-17-5
2-甲基丙烯腈[稳定的],异丁烯腈,126-98-7
α-甲基丙烯醛,异丁烯醛,78-85-3
甲基丙烯酸[稳定的],异丁烯酸,79-41-4
甲基丙烯酸-2-二甲氨乙酯,二甲氨基乙基异丁烯酸酯,2867-47-2
甲基丙烯酸甲酯[稳定的],牙托水；有机玻璃单体；异丁烯酸甲酯,80-62-6
甲基丙烯酸三硝基乙酯,,
甲基丙烯酸烯丙酯,2-甲基-2-丙烯酸-2-丙烯基酯,35194
甲基丙烯酸乙酯[稳定的],异丁烯酸乙酯,97-63-2
甲基丙烯酸异丁酯[稳定的],,97-86-9
甲基丙烯酸正丁酯[稳定的],,97-88-1
甲基狄戈辛,,30685-43-9
3-(1-甲基丁基)苯基-N-甲基氨基甲酸酯 和 3-(1-乙基丙基)苯基-N-甲基氨基甲酸酯 ,合杀威,8065-36-9
3-甲基丁醛,异戊醛,590-86-3
2-甲基丁烷,异戊烷,78-78-4
甲基二氯硅烷,二氯甲基硅烷,75-54-7
2-甲基呋喃,,534-22-5
2-甲基庚烷,,592-27-8
3-甲基庚烷,,589-81-1
4-甲基庚烷,,589-53-7
甲基环己醇,六氢甲酚,25639-42-3
甲基环己酮,,1331-22-2
甲基环己烷,六氢化甲苯；环己基甲烷,108-87-2
甲基环戊二烯,,26519-91-5
甲基环戊烷,,96-37-7
甲基磺酸,,75-75-2
甲基磺酰氯,氯化硫酰甲烷；甲烷磺酰氯,124-63-0
3-甲基己烷,,589-34-4
甲基肼,一甲肼；甲基联氨,60-34-4
2-甲基喹啉,,91-63-4
4-甲基喹啉,,491-35-0
6-甲基喹啉,,91-62-3
7-甲基喹啉,,612-60-2
8-甲基喹啉,,611-32-5
甲基氯硅烷,氯甲基硅烷,993-00-0
N-甲基吗啉,,109-02-4
1-甲基萘,α-甲基萘,90-12-0
2-甲基萘,β-甲基萘,91-57-6
2-甲基哌啶,2-甲基六氢吡啶,109-05-7
3-甲基哌啶,3-甲基六氢吡啶,626-56-2
4-甲基哌啶,4-甲基六氢吡啶,626-58-4
N-甲基哌啶,N-甲基六氢吡啶；1-甲基哌啶,626-67-5
N-甲基全氟辛基磺酰胺,,31506-32-8
3-甲基噻吩,甲基硫茂,616-44-4
甲基三氯硅烷,三氯甲基硅烷,75-79-6
甲基三乙氧基硅烷,三乙氧基甲基硅烷,2031-67-6
甲基胂酸锌,稻脚青,20324-26-9
甲基叔丁基甲酮,"3,3-二甲基-2-丁酮；1,1,1-三甲基丙酮；甲基特丁基酮",75-97-8
甲基叔丁基醚,2-甲氧基-2-甲基丙烷；MTBE,1634-04-4
2-甲基四氢呋喃,四氢-2-甲基呋喃,96-47-9
1-甲基戊醇,仲己醇；2-己醇,626-93-7
甲基戊二烯,,54363-49-4
4-甲基戊腈,异戊基氰；氰化异戊烷；异己腈,542-54-1
2-甲基戊醛,α-甲基戊醛,123-15-9
2-甲基戊烷,异己烷,107-83-5
3-甲基戊烷,,96-14-0
2-甲基烯丙醇,异丁烯醇,513-42-8
甲基溴化镁[浸在乙醚中],,75-16-1
甲基乙烯醚[稳定的],乙烯基甲醚,107-25-5
2-甲基己烷,,591-76-4
甲基异丙基苯,伞花烃,99-87-6
甲基异丙烯甲酮[稳定的],,814-78-8
1-甲基异喹啉,,1721-93-3
3-甲基异喹啉,,1125-80-0
4-甲基异喹啉,,1196-39-0
5-甲基异喹啉,,62882-01-3
6-甲基异喹啉,,42398-73-2
7-甲基异喹啉,,54004-38-5
8-甲基异喹啉,,62882-00-2
N-甲基正丁胺,N-甲基丁胺,110-68-9
甲基正丁基醚,1-甲氧基丁烷；甲丁醚,628-28-4
甲硫醇,巯基甲烷,74-93-1
甲硫醚,二甲硫；二甲基硫醚,75-18-3
甲醛溶液,福尔马林溶液,50-00-0
甲胂酸,甲基胂酸；甲次砷酸,56960-31-7
甲酸,蚁酸,64-18-6
甲酸环己酯,,4351-54-6
甲酸甲酯,,107-31-3
甲酸烯丙酯,,1838-59-1
甲酸亚铊,甲酸铊；蚁酸铊,992-98-3
甲酸乙酯,,109-94-4
甲酸异丙酯,,625-55-8
甲酸异丁酯,,542-55-2
甲酸异戊酯,,110-45-2
甲酸正丙酯,,110-74-7
甲酸正丁酯,,592-84-7
甲酸正己酯,,629-33-4
甲酸正戊酯,,638-49-3
甲烷,,74-82-8
甲烷磺酰氟,甲磺氟酰；甲基磺酰氟,558-25-8
"N-甲酰-2-硝甲基-1,3-全氢化噻嗪",,
4-甲氧基-4-甲基-2-戊酮,,107-70-0
2-甲氧基苯胺,邻甲氧基苯胺；邻氨基苯甲醚；邻茴香胺,90-04-0
3-甲氧基苯胺,间甲氧基苯胺；间氨基苯甲醚；间茴香胺,536-90-3
4-甲氧基苯胺,对氨基苯甲醚；对甲氧基苯胺；对茴香胺,104-94-9
甲氧基苯甲酰氯,茴香酰氯,100-07-2
4-甲氧基二苯胺-4'-氯化重氮苯,凡拉明蓝盐B；安安蓝B色盐,101-69-9
3-甲氧基乙酸丁酯,3-甲氧基丁基乙酸酯,4435-53-4
甲氧基乙酸甲酯,,6290-49-9
2-甲氧基乙酸乙酯,乙酸甲基溶纤剂；乙二醇甲醚乙酸酯；乙酸乙二醇甲醚,110-49-6
甲氧基异氰酸甲酯,甲氧基甲基异氰酸酯,6427-21-0
甲乙醚,乙甲醚；甲氧基乙烷,540-67-0
甲藻毒素(二盐酸盐),石房蛤毒素(盐酸盐),35523-89-8
钾,金属钾,2023695
钾汞齐,,37340-23-1
钾合金,,
钾钠合金,钠钾合金,11135-81-2
间苯二甲酰氯,二氯化间苯二甲酰,99-63-8
间苯三酚,"1,3,5-三羟基苯；均苯三酚",108-73-6
间硝基苯磺酸,,98-47-5
间异丙基苯酚,,618-45-1
碱土金属汞齐,,
焦硫酸汞,,1537199-53-3
焦砷酸,,13453-15-1
焦油酸,,
金属锆,,7440-67-7
金属锆粉[干燥的],锆粉,
金属铪粉,铪粉,7440-58-6
金属镧[浸在煤油中的],,7439-91-0
金属锰粉[含水≥25%],锰粉,7439-96-5
金属钕[浸在煤油中的],,7440-00-8
金属铷,铷,7440-17-7
金属铯,铯,7440-46-2
金属锶,锶,7440-24-6
金属钛粉[干的],,7440-32-6
金属钛粉[含水不低于25%，机械方法生产的，粒径小于53 微米；化学方法生产的，粒径小于840 微米],,
精蒽,,120-12-7
肼水溶液[含肼≤64%],,
酒石酸化烟碱,,65-31-6
酒石酸锑钾,吐酒石；酒石酸钾锑；酒石酸氧锑钾,28300-74-5
聚苯乙烯珠体[可发性的],,
"聚醚聚过氧叔丁基碳酸酯[含量≤52%,含B型稀释剂≥48%]",,
聚乙醛,,9002-91-9
聚乙烯聚胺,多乙烯多胺；多乙撑多胺,29320-38-5
2-莰醇,冰片；龙脑,507-70-0
莰烯,樟脑萜；莰芬,79-92-5
糠胺,2-呋喃甲胺；麸胺,617-89-0
糠醛,呋喃甲醛,35796
抗霉素A,,1397-94-0
氪[压缩的或液化的],,7439-90-9
喹啉,苯并吡啶；氮杂萘,91-22-5
雷汞[湿的，按质量含水或乙醇和水的混合物不低于20％],二雷酸汞；雷酸汞,628-86-4
锂,金属锂,7439-93-2
连二亚硫酸钙,,15512-36-4
连二亚硫酸钾,低亚硫酸钾,14293-73-3
连二亚硫酸钠,保险粉；低亚硫酸钠,7775-14-6
连二亚硫酸锌,亚硫酸氢锌,7779-86-4
联苯,,92-52-4
"3-[(3-联苯-4-基)-1,2,3,4-四氢-1-萘基]-4-羟基香豆素",鼠得克,56073-07-5
联十六烷基过氧重碳酸酯[含量≤100%],过氧化二(十六烷基)二碳酸酯,26322-14-5
"联十六烷基过氧重碳酸酯[含量≤42%,在水中稳定弥散]",,
镰刀菌酮X,,23255-69-8
邻氨基苯硫醇,2-氨基硫代苯酚；2-巯基胺；邻氨基苯硫酚苯,137-07-5
邻苯二甲酸苯胺,,50930-79-5
邻苯二甲酸二异丁酯,,84-69-5
邻苯二甲酸酐[含马来酸酐大于0.05%],苯酐；酞酐,85-44-9
邻苯二甲酰氯,二氯化邻苯二甲酰,88-95-9
邻苯二甲酰亚胺,酞酰亚胺,85-41-6
邻甲苯磺酰氯,,133-59-5
邻硝基苯酚钾,邻硝基酚钾,824-38-4
邻硝基苯磺酸,,80-82-0
邻硝基乙苯,,612-22-6
邻异丙基苯酚,邻异丙基酚,88-69-7
磷化钙,二磷化三钙,1305-99-3
磷化钾,,20770-41-6
磷化铝,,20859-73-8
磷化铝镁,,
磷化镁,二磷化三镁,12057-74-8
磷化钠,,12058-85-4
磷化氢,磷化三氢；膦,7803-51-2
磷化锶,,12504-13-1
磷化锡,,25324-56-5
磷化锌,,1314-84-7
磷酸二乙基汞,谷乐生；谷仁乐生；乌斯普龙汞制剂,2235-25-8
磷酸三甲苯酯,磷酸三甲酚酯；增塑剂TCP,1330-78-5
磷酸亚铊,,13453-41-3
9-磷杂双环壬烷,环辛二烯膦,
膦酸,,10294-56-1
"β,β'-硫代二丙腈",,111-97-7
2-硫代呋喃甲醇,糠硫醇,35828
硫代甲酰胺,,115-08-2
硫代磷酰氯,硫代氯化磷酰；三氯化硫磷；三氯硫磷,3982-91-0
硫代氯甲酸乙酯,氯硫代甲酸乙酯,2941-64-2
4-硫代戊醛,甲基巯基丙醛,3268-49-3
硫代乙酸,硫代醋酸,507-09-5
硫代异氰酸甲酯,异硫氰酸甲酯；甲基芥子油,556-61-6
硫化铵溶液,,
硫化钡,,21109-95-5
硫化镉,,1306-23-6
硫化汞,朱砂,1344-48-5
硫化钾,硫化二钾,1312-73-8
硫化钠,臭碱,1313-82-2
硫化氢,,2148878
硫磺,硫,7704-34-9
硫脲,硫代尿素,62-56-6
硫氢化钙,,12133-28-7
硫氢化钠,氢硫化钠,16721-80-5
硫氰酸苄,硫氰化苄；硫氰酸苄酯,3012-37-1
硫氰酸钙,硫氰化钙,2092-16-2
硫氰酸汞,,592-85-8
硫氰酸汞铵,,20564-21-0
硫氰酸汞钾,,14099-12-8
硫氰酸甲酯,,556-64-9
硫氰酸乙酯,,542-90-5
硫氰酸异丙酯,,625-59-2
硫酸,,7664-93-9
"硫酸-2,4-二氨基甲苯","2,4-二氨基甲苯硫酸",65321-67-7
"硫酸-2,5-二氨基甲苯","2,5-二氨基甲苯硫酸",615-50-9
"硫酸-2,5-二乙氧基-4-(4-吗啉基)-重氮苯",,32178-39-5
"硫酸-4,4'-二氨基联苯",硫酸联苯胺；联苯胺硫酸,531-86-2
"硫酸-4-氨基-N,N-二甲基苯胺","N,N-二甲基对苯二胺硫酸；对氨基-N,N-二甲基苯胺硫酸",536-47-0
硫酸苯胺,,542-16-5
硫酸苯肼,苯肼硫酸,2545-79-1
硫酸对苯二胺,硫酸对二氨基苯,16245-77-5
硫酸二甲酯,硫酸甲酯,77-78-1
硫酸二乙酯,硫酸乙酯,64-67-5
硫酸镉,,10124-36-4
硫酸汞,硫酸高汞,7783-35-9
硫酸钴,,10124-43-3
硫酸间苯二胺,硫酸间二氨基苯,541-70-8
硫酸马钱子碱,二甲氧基士的宁硫酸盐,4845-99-2
硫酸镍,,7786-81-4
硫酸铍,,13510-49-1
硫酸铍钾,,53684-48-3
硫酸铅[含游离酸＞3%],,7446-14-2
硫酸羟胺,硫酸胲,10039-54-0
"硫酸氢-2-(N-乙羰基甲按基)-4-(3,4-二甲基苯磺酰)重氮苯",,
硫酸氢铵,酸式硫酸铵,7803-63-6
硫酸氢钾,酸式硫酸钾,7646-93-7
硫酸氢钠,酸式硫酸钠,7681-38-1
硫酸氢钠溶液,酸式硫酸钠溶液,
硫酸三乙基锡,,57-52-3
硫酸铊,硫酸亚铊,7446-18-6
硫酸亚汞,,7783-36-0
硫酸氧钒,硫酸钒酰,27774-13-6
硫酰氟,氟化磺酰,2699-79-8
"六氟-2,3-二氯-2-丁烯","2,3-二氯六氟-2-丁烯",303-04-8
六氟丙酮,全氟丙酮,684-16-2
六氟丙酮水合物,全氟丙酮水合物；水合六氟丙酮,13098-39-0
六氟丙烯,全氟丙烯,116-15-4
六氟硅酸镁,氟硅酸镁,16949-65-8
六氟合硅酸钡,氟硅酸钡,17125-80-3
六氟合硅酸锌,氟硅酸锌,16871-71-9
六氟合磷氢酸[无水],六氟代磷酸,16940-81-1
六氟化碲,,7783-80-4
六氟化硫,,2551-62-4
六氟化钨,,7783-82-6
六氟化硒,,7783-79-1
六氟乙烷,R116；全氟乙烷,76-16-4
"3,3,6,6,9,9-六甲基-1,2,4,5-四氧环壬烷[含量52%～100%]",,22397-33-7
"3,3,6,6,9,9-六甲基-1,2,4,5-四氧环壬烷[含量≤52%,含A型稀释剂≥48%]",,
"3,3,6,6,9,9-六甲基-1,2,4,5-四氧环壬烷[含量≤52%,含B型稀释剂≥48%]",,
六甲基二硅醚,六甲基氧二硅烷,107-46-0
六甲基二硅烷,,1450-14-2
六甲基二硅烷胺,六甲基二硅亚胺,999-97-3
"六氢-3a,7a-二甲基-4,7-环氧异苯并呋喃-1,3-二酮",斑蝥素,56-25-7
"六氯-1,3-丁二烯","六氯丁二烯；全氯-1,3-丁二烯",87-68-3
"(1R,4S,4aS,5R,6R,7S,8S,8aR)-1,2,3,4,10,10-六氯-1,4,4a,5,6,7,8,8a-八氢-6,7-环氧-1,4,5,8-二亚甲基萘[含量2%～90%]",狄氏剂,60-57-1
"(1R,4S,5R,8S)-1,2,3,4,10,10-六氯-1,4,4a,5,6,7,8,8a-八氢-6,7-环氧-1,4；5,8-二亚甲基萘[含量＞5%]",异狄氏剂,72-20-8
"1,2,3,4,10,10-六氯-1,4,4a,5,8,8a-六氢-1,4-挂-5,8-挂二亚甲基萘[含量＞10%]",异艾氏剂,465-73-6
"1,2,3,4,10,10-六氯-1,4,4a,5,8,8a-六氢-1,4：5,8-桥,挂-二甲撑萘[含量＞75%]",六氯-六氢-二甲撑萘；艾氏剂,309-00-2
"(1,4,5,6,7,7-六氯-8,9,10-三降冰片-5-烯-2,3-亚基双亚甲基)亚硫酸酯","1,2,3,4,7,7-六氯双环[2,2,1]庚烯-(2)-双羟甲基-5,6-亚硫酸酯；硫丹",115-29-7
六氯苯,六氯代苯；过氯苯；全氯代苯,118-74-1
六氯丙酮,,116-16-5
六氯环戊二烯,全氯环戊二烯,77-47-4
α-六氯环己烷,,319-84-6
β-六氯环己烷,,319-85-7
"γ-(1,2,4,5/3,6)-六氯环己烷",林丹,58-89-9
"1,2,3,4,5,6-六氯环己烷 ",六氯化苯；六六六,608-73-1
六氯乙烷,全氯乙烷；六氯化碳,67-72-1
"六硝基-1,2-二苯乙烯",六硝基芪,20062-22-0
六硝基二苯胺,六硝炸药；二苦基胺,131-73-7
六硝基二苯胺铵盐,曙黄,2844-92-0
六硝基二苯硫,二苦基硫,28930-30-5
六溴二苯醚,,36483-60-0
"2,2’,4,4’,5,5’-六溴二苯醚",,68631-49-2
"2,2’,4,4’,5,6’-六溴二苯醚",,207122-15-4
六溴环十二烷,,
六溴联苯,,36355-01-8
六亚甲基二异氰酸酯,"六甲撑二异氰酸酯；1,6-二异氰酸己烷；己撑二异氰酸酯；1,6-己二异氰酸酯",822-06-0
"N,N-六亚甲基硫代氨基甲酸-S-乙酯 ",禾草敌,2212-67-1
六亚甲基四胺,六甲撑四胺；乌洛托品,100-97-0
六亚甲基亚胺,高哌啶,111-49-9
铝粉,,7429-90-5
铝镍合金氢化催化剂,,
铝酸钠[固体],,1302-42-7
铝酸钠[溶液],,
铝铁熔剂,,
氯,液氯；氯气,7782-50-5
"1-氯-1,1-二氟乙烷",R142；二氟氯乙烷,75-68-3
"3-氯-1,2-丙二醇","α-氯代丙二醇；3-氯-1,2-二羟基丙烷；α-氯甘油；3-氯代丙二醇",96-24-2
"2-氯-1,3-丁二烯[稳定的]",氯丁二烯,126-99-8
2-氯-1-丙醇,2-氯-1-羟基丙烷,78-89-7
3-氯-1-丙醇,三亚甲基氯醇,627-30-5
3-氯-1-丁烯,,563-52-0
1-氯-1-硝基丙烷,1-硝基-1-氯丙烷,600-25-9
2-氯-1-溴丙烷,1-溴-2-氯丙烷,3017-96-7
"1-氯-2,2,2-三氟乙烷",R133a,75-88-7
"1-氯-2,3-环氧丙烷","环氧氯丙烷；3-氯-1,2-环氧丙烷",106-89-8
"1-氯-2,4-二硝基苯","2,4-二硝基氯苯",97-00-7
4-氯-2-氨基苯酚,2-氨基-4-氯苯酚；对氯邻氨基苯酚,95-85-2
1-氯-2-丙醇,氯异丙醇；丙氯仲醇,127-00-4
1-氯-2-丁烯,,591-97-9
5-氯-2-甲基苯胺,5-氯邻甲苯胺；2-氨基-4-氯甲苯,95-79-4
"N-(4-氯-2-甲基苯基)-N´,N´-二甲基甲脒",杀虫脒,6164-98-3
3-氯-2-甲基丙烯,2-甲基-3-氯丙烯；甲基烯丙基氯；氯化异丁烯；1-氯-2-甲基-2-丙烯,563-47-3
2-氯-2-甲基丁烷,叔戊基氯；氯代叔戊烷,594-36-5
5-氯-2-甲氧基苯胺,4-氯-2-氨基苯甲醚,34762
4-氯-2-硝基苯胺,对氯邻硝基苯胺,89-63-4
4-氯-2-硝基苯酚,,89-64-5
4-氯-2-硝基苯酚钠盐,,52106-89-5
4-氯-2-硝基甲苯,对氯邻硝基甲苯,89-59-8
1-氯-2-溴丙烷,2-溴-1-氯丙烷,3017-95-6
1-氯-2-溴乙烷,1-溴-2-氯乙烷；氯乙基溴,107-04-0
4-氯间甲酚,2-氯-5-羟基甲苯；4-氯-3-甲酚,59-50-7
1-氯-3-甲基丁烷,异戊基氯；氯代异戊烷,107-84-6
1-氯-3-溴丙烷,3-溴-1-氯丙烷,109-70-6
"2-氯-4,5-二甲基苯基-N-甲基氨基甲酸酯",氯灭杀威,671-04-5
2-氯-4-二甲氨基-6-甲基嘧啶,鼠立死,535-89-7
3-氯-4-甲氧基苯胺,2-氯-4-氨基苯甲醚；邻氯对氨基苯甲醚,5345-54-0
2-氯-4-硝基苯胺,邻氯对硝基苯胺,121-87-9
氯苯,一氯化苯,108-90-7
2-氯苯胺,邻氯苯胺；邻氨基氯苯,95-51-2
3-氯苯胺,间氨基氯苯；间氯苯胺,108-42-9
4-氯苯胺,对氯苯胺；对氨基氯苯,106-47-8
2-氯苯酚,2-羟基氯苯；2-氯-1-羟基苯；邻氯苯酚；邻羟基氯苯,95-57-8
3-氯苯酚,3-羟基氯苯；3-氯-1-羟基苯；间氯苯酚；间羟基氯苯,108-43-0
4-氯苯酚,4-羟基氯苯；4-氯-1-羟基苯；对氯苯酚；对羟基氯苯,106-48-9
"3-氯苯过氧甲酸[57%＜含量≤86%,惰性固体含量≥14%]",,937-14-4
"3-氯苯过氧甲酸[含量≤57%,惰性固体含量≤3%,含水≥40%]",,
"3-氯苯过氧甲酸[含量≤77%,惰性固体含量≥6%,含水≥17%]",,
"2-[(RS)-2-(4-氯苯基)-2-苯基乙酰基]-2,3-二氢-1,3-茚二酮[含量＞4%]","2-(苯基对氯苯基乙酰)茚满-1,3-二酮；氯鼠酮",3691-35-8
N(3-氯苯基)氨基甲酸(4-氯丁炔-2-基)脂 ,燕麦灵,101-27-9
氯苯基三氯硅烷,,26571-79-9
2-氯苯甲酰氯,邻氯苯甲酰氯；氯化邻氯苯甲酰,609-65-4
4-氯苯甲酰氯,对氯苯甲酰氯；氯化对氯苯甲酰,122-01-0
2-氯苯乙酮,氯乙酰苯；氯苯乙酮；苯基氯甲基甲酮；苯酰甲基氯；α-氯苯乙酮,532-27-4
2-氯吡啶,,109-09-1
4-氯苄基氯,对氯苄基氯；对氯苯甲基氯,104-83-6
3-氯丙腈,β-氯丙腈；氰化-β-氯乙烷,542-76-7
2-氯丙酸,2-氯代丙酸,598-78-7
3-氯丙酸,3-氯代丙酸,107-94-8
2-氯丙酸甲酯,,17639-93-9；
,,77287-29-7
2-氯丙酸乙酯,,535-13-7
3-氯丙酸乙酯,,623-71-2
2-氯丙酸异丙酯,,40058-87-5；
,,79435-04-4
1-氯丙烷,氯正丙烷；丙基氯,540-54-5
2-氯丙烷,氯异丙烷；异丙基氯,75-29-6
2-氯丙烯,异丙烯基氯,557-98-2
3-氯丙烯,α-氯丙烯；烯丙基氯,107-05-1
氯铂酸,,16941-12-1
氯代膦酸二乙酯,氯化磷酸二乙酯,814-49-3
氯代叔丁烷,叔丁基氯；特丁基氯,507-20-0
氯代异丁烷,异丁基氯,513-36-0
氯代正己烷,氯代己烷；己基氯,544-10-5
1-氯丁烷,正丁基氯；氯代正丁烷,109-69-3
2-氯丁烷,仲丁基氯；氯代仲丁烷,78-86-4
氯锇酸铵,氯化锇铵,12125-08-5
氯二氟甲烷和氯五氟乙烷共沸物,R502,
氯二氟溴甲烷,R12B1；二氟氯溴甲烷；溴氯二氟甲烷；哈龙-1211,353-59-3
2-氯氟苯,邻氯氟苯；2-氟氯苯；邻氟氯苯,348-51-6
3-氯氟苯,间氯氟苯；3-氟氯苯；间氟氯苯,625-98-9
4-氯氟苯,对氯氟苯；4-氟氯苯；对氟氯苯,352-33-0
2-氯汞苯酚,,32941
4-氯汞苯甲酸,对氯化汞苯甲酸,59-85-8
氯化铵汞,"白降汞,氯化汞铵",10124-48-8
氯化钡,,10361-37-2
氯化苯汞,,100-56-1
氯化苄,α-氯甲苯；苄基氯,100-44-7
氯化二硫酰,二硫酰氯；焦硫酰氯,7791-27-7
氯化二烯丙托锡弗林,,15180-03-7
氯化二乙基铝,,35344
氯化镉,,10108-64-2
氯化汞,氯化高汞；二氯化汞；升汞,7487-94-7
氯化钴,,7646-79-9
氯化琥珀胆碱,司克林；氯琥珀胆碱；氯化琥珀酰胆碱,71-27-2
氯化环戊烷,,930-28-9
氯化甲基汞,,115-09-3
氯化甲氧基乙基汞,,123-88-6
氯化钾汞,氯化汞钾,20582-71-2
4-氯化联苯,对氯化联苯；联苯基氯,2051-62-9
1-氯化萘,α-氯化萘,90-13-1
氯化镍,氯化亚镍,7718-54-9
氯化铍,,7787-47-5
氯化氢[无水],,7647-01-0
氯化氰,氰化氯；氯甲腈,506-77-4
氯化铜,,7447-39-4
α-氯化筒箭毒碱,氯化南美防己碱；氢氧化吐巴寇拉令碱；氯化箭毒块茎碱；氯化管箭毒碱,57-94-3
氯化硒,二氯化二硒,10025-68-0
氯化锌,,7646-85-7
氯化锌溶液,,
氯化锌-2-(2-羟乙氧基)-1(吡咯烷-1-基)重氮苯,,
氯化锌-2-(N-氧羰基苯氨基)-3-甲氧基-4-(N-甲基环己氨基)重氮苯,,
"氯化锌-2,5-二乙氧基-4-(4-甲苯磺酰)重氮苯",,
"氯化锌-2,5-二乙氧基-4-苯璜酰重氮苯",,
"氯化锌-2,5-二乙氧基-4-吗啉代重氮苯",,26123-91-1
氯化锌-3-(2-羟乙氧基)-4(吡咯烷-1-基)重氮苯,,105185-95-3
氯化锌-3-氯-4-二乙氨基重氮苯,晒图盐BG ,15557-00-3
氯化锌-4-苄甲氨基-3-乙氧基重氮苯,,4421-50-5
氯化锌-4-苄乙氨基-3-乙氧基重氮苯,,21723-86-4
氯化锌-4-二丙氨基重氮苯,,33864-17-4
氯化锌-4-二甲氧基-6-(2-二甲氨乙氧基)-2-重氮甲苯,,
氯化溴,溴化氯,13863-41-7
氯化亚砜,亚硫酰二氯；二氯氧化硫；亚硫酰氯,2125597
氯化亚汞,甘汞,10112-91-1
氯化亚铊,一氯化铊；一氧化二铊,7791-12-0
氯化乙基汞,,107-27-7
氯磺酸,氯化硫酸；氯硫酸,7790-94-5
2-氯甲苯,邻氯甲苯,95-49-8
3-氯甲苯,间氯甲苯,108-41-8
4-氯甲苯,对氯甲苯,106-43-4
氯甲苯胺异构体混合物,,
氯甲基甲醚,甲基氯甲醚；氯二甲醚,107-30-2
氯甲基三甲基硅烷,三甲基氯甲硅烷,2344-80-1
氯甲基乙醚,氯甲基乙基醚,3188-13-4
氯甲酸-2-乙基己酯,,24468-13-1
氯甲酸苯酯,,1885-14-9
氯甲酸苄酯,苯甲氧基碳酰氯,501-53-1
氯甲酸环丁酯,,81228-87-7
氯甲酸甲酯,氯碳酸甲酯,79-22-1
氯甲酸氯甲酯,,22128-62-7
氯甲酸三氯甲酯,双光气,503-38-8
氯甲酸烯丙基酯[稳定的],,2937-50-0
氯甲酸乙酯,氯碳酸乙酯,541-41-3
氯甲酸异丙酯,,108-23-6
氯甲酸异丁酯,,543-27-1
氯甲酸正丙酯,氯甲酸丙酯,109-61-5
氯甲酸正丁酯,氯甲酸丁酯,592-34-7
氯甲酸仲丁酯,,17462-58-7
氯甲烷,R40；甲基氯；一氯甲烷,74-87-3
氯甲烷和二氯甲烷混合物,,
2-氯间甲酚,2-氯-3-羟基甲苯,608-26-4
6-氯间甲酚,4-氯-5-羟基甲苯,615-74-7
4-氯邻甲苯胺盐酸盐,盐酸-4-氯-2-甲苯胺,3165-93-3
"N-(4-氯邻甲苯基)-N,N-二甲基甲脒盐酸盐 ",杀虫脒盐酸盐,19750-95-9
2-氯三氟甲苯,邻氯三氟甲苯,88-16-4
3-氯三氟甲苯,间氯三氟甲苯,98-15-7
4-氯三氟甲苯,对氯三氟甲苯,98-56-6
氯三氟甲烷和三氟甲烷共沸物,R503,
氯四氟乙烷,R124,63938-10-3
氯酸铵,,10192-29-7
氯酸钡,,13477-00-4
氯酸钙,,10137-74-3
氯酸钙溶液,,
氯酸钾,,698078
氯酸钾溶液,,
氯酸镁,,10326-21-3
氯酸钠,,2146053
氯酸钠溶液,,
氯酸溶液[浓度≤10%],,7790-93-4
氯酸铯,,13763-67-2
氯酸锶,,2151926
氯酸铊,,13453-30-0
氯酸铜,,26506-47-8
氯酸锌,,10361-95-2
氯酸银,,7783-92-8
1-氯戊烷,氯代正戊烷,543-59-9
2-氯硝基苯,邻氯硝基苯,88-73-3
3-氯硝基苯,间氯硝基苯,121-73-3
4-氯硝基苯,对氯硝基苯；1-氯-4-硝基苯,100-00-5
氯硝基苯异构体混合物,混合硝基氯化苯；冷母液,25167-93-5
氯溴甲烷,甲撑溴氯；溴氯甲烷,74-97-5
2-氯乙醇,乙撑氯醇；氯乙醇,107-07-3
氯乙腈,氰化氯甲烷；氯甲基氰,107-14-2
氯乙酸,氯醋酸；一氯醋酸,29167
氯乙酸丁酯,氯醋酸丁酯,590-02-3
氯乙酸酐,氯醋酸酐,541-88-8
氯乙酸甲酯,氯醋酸甲酯,96-34-4
氯乙酸钠,,3926-62-3
氯乙酸叔丁酯,氯醋酸叔丁酯,107-59-5
氯乙酸乙烯酯,氯醋酸乙烯酯；乙烯基氯乙酸酯,2549-51-1
氯乙酸乙酯,氯醋酸乙酯,105-39-5
氯乙酸异丙酯,氯醋酸异丙酯,105-48-6
氯乙烷,乙基氯,75-00-3
氯乙烯[稳定的],乙烯基氯,27398
2-氯乙酰-N-乙酰苯胺,邻氯乙酰-N-乙酰苯胺,93-70-9
氯乙酰氯,氯化氯乙酰,28954
4-氯正丁酸乙酯,,3153-36-4
马来酸酐,马来酐；失水苹果酸酐；顺丁烯二酸酐,108-31-6
吗啉,,110-91-8
煤焦酚,杂酚；粗酚,65996-83-0
煤焦沥青,焦油沥青；煤沥青；煤膏,65996-93-2
煤焦油,,8007-45-2
煤气,,
煤油,火油；直馏煤油,8008-20-6
镁,,7439-95-4
"镁合金[片状、带状或条状,含镁＞50%]",,
镁铝粉,,
锰酸钾,,10294-64-1
迷迭香油,,8000-25-7
米许合金[浸在煤油中的],,
脒基亚硝氨基脒基叉肼[含水≥30%],,
脒基亚硝氨基脒基四氮烯[湿的，按质量含水或乙醇和水的混合物不低于30％],四氮烯；特屈拉辛,109-27-3
木防己苦毒素,苦毒浆果(木防己属),124-87-8
木馏油,木焦油,8021-39-4
钠,金属钠,7440-23-5
钠石灰[含氢氧化钠＞4%],碱石灰,8006-28-8
氖[压缩的或液化的],,2023453
萘,粗萘；精萘；萘饼,91-20-3
1-萘胺,α-萘胺；1-氨基萘,134-32-7
2-萘胺,β-萘胺；2-氨基萘,91-59-8
"1,8-萘二甲酸酐",萘酐,81-84-5
萘磺汞,双苯汞亚甲基二萘磺酸酯；汞加芬；双萘磺酸苯汞,14235-86-0
1-萘基硫脲,α-萘硫脲；安妥,86-88-4
1-萘甲腈,萘甲腈；α-萘甲腈,86-53-3
1-萘氧基二氯化膦,,91270-74-5
镍催化剂[干燥的],,
"2,2'-偶氮-二-(2,4-二甲基-4-甲氧基戊腈)",,15545-97-8
"2,2'-偶氮-二-(2,4-二甲基戊腈)",偶氮二异庚腈,920359
"2,2'-偶氮二-(2-甲基丙酸乙脂)",,3879-07-0
"2,2'-偶氮-二-(2-甲基丁腈)",,13472-08-7
"1,1'-偶氮-二-(六氢苄腈)","1,1'-偶氮二(环己基甲腈)",2094-98-6
偶氮二甲酰胺,发泡剂AC；二氮烯二甲酰胺,123-77-3
"2,2'-偶氮二异丁腈",发泡剂N；ADIN；2-甲基丙腈,78-67-1
哌啶,六氢吡啶；氮己环,110-89-4
哌嗪,对二氮己环,110-85-0
α-蒎烯,α-松油萜,80-56-8
β-蒎烯,,127-91-3
硼氢化钾,氢硼化钾,13762-51-1
硼氢化锂,氢硼化锂,16949-15-8
硼氢化铝,氢硼化铝,16962-07-5
硼氢化钠,氢硼化钠,16940-66-2
硼酸,,10043-35-3
硼酸三甲酯,三甲氧基硼烷,121-43-7
硼酸三乙酯,三乙氧基硼烷,150-46-9
硼酸三异丙酯,硼酸异丙酯,5419-55-6
铍粉,,7440-41-7
偏钒酸铵,,7803-55-6
偏钒酸钾,,13769-43-2
偏高碘酸钾,,
偏高碘酸钠,,
偏硅酸钠,三氧硅酸二钠,6834-92-0
偏砷酸,,10102-53-1
偏砷酸钠,,15120-17-9
漂白粉,,
漂粉精[含有效氯＞39%],高级晒粉,
葡萄糖酸汞,,63937-14-4
七氟丁酸,全氟丁酸,375-22-4
七硫化四磷,七硫化磷,12037-82-0
七溴二苯醚,,68928-80-3
"2,2’,3,3’,4,5’,6’-七溴二苯醚",,446255-22-7
"2,2’,3,4,4’,5’,6-七溴二苯醚",,207122-16-5
"1,4,5,6,7,8,8-七氯-3a,4,7,7a-四氢-4,7-亚甲基茚",七氯,76-44-8
汽油,,86290-81-5
乙醇汽油,,
甲醇汽油,,
铅汞齐,,
"1-羟环丁-1-烯-3,4-二酮",半方形酸,31876-38-7
"3-羟基-1,1-二甲基丁基过氧新癸酸[含量≤52%,含A型稀释剂≥48%]",,95718-78-8
"3-羟基-1,1-二甲基丁基过氧新癸酸[含量≤52%,在水中稳定弥散]",,
"3-羟基-1,1-二甲基丁基过氧新癸酸[含量≤77%,含A型稀释剂≥23%]",,
N-3-[1-羟基-2-(甲氨基)乙基]苯基甲烷磺酰胺甲磺酸盐,酰胺福林-甲烷磺酸盐,1421-68-7
3-羟基-2-丁酮,乙酰甲基甲醇,513-86-0
4-羟基-4-甲基-2-戊酮,双丙酮醇,123-42-2
2-羟基丙腈,乳腈,78-97-7
2-羟基丙酸甲酯,乳酸甲酯,547-64-8
2-羟基丙酸乙酯,乳酸乙酯,97-64-3
3-羟基丁醛,3-丁醇醛；丁间醇醛,107-89-1
羟基甲基汞,,1184-57-2
羟基乙腈,乙醇腈,107-16-4
羟基乙硫醚,α-乙硫基乙醇,110-77-0
3-(2-羟基乙氧基)-4-吡咯烷基-1-苯重氮氯化锌盐,,
2-羟基异丁酸乙酯,2-羟基-2-甲基丙酸乙酯,80-55-7
羟间唑啉(盐酸盐),,151615
N-(2-羟乙基)-N-甲基全氟辛基磺酰胺,,24448-09-7
氢,氢气,1333-74-0
氢碘酸,碘化氢溶液,10034-85-2
氢氟酸,氟化氢溶液,7664-39-3
氢过氧化蒎烷[56%＜含量≤100%],,28324-52-9
"氢过氧化蒎烷[含量≤56%,含A型稀释剂≥44%]",,
氢化钡,,13477-09-3
氢化钙,,7789-78-8
氢化锆,,7704-99-6
氢化钾,,7693-26-7
氢化锂,,7580-67-8
氢化铝,,7784-21-6
氢化铝锂,四氢化铝锂,16853-85-3
氢化铝钠,四氢化铝钠,13770-96-2
氢化镁,二氢化镁,7693-27-8
氢化钠,,7646-69-7
氢化钛,,7704-98-5
氢气和甲烷混合物,,
氢氰酸[含量≤20%],,74-90-8
氢氰酸蒸熏剂,,
氢溴酸,溴化氢溶液,10035-10-6
氢氧化钡,,17194-00-2
氢氧化钾,苛性钾,1310-58-3
氢氧化钾溶液[含量≥30%],,
氢氧化锂,,1310-65-2
氢氧化锂溶液,,
氢氧化钠,苛性钠；烧碱,1310-73-2
氢氧化钠溶液[含量≥30%],,
氢氧化铍,,13327-32-7
氢氧化铷,,1310-82-3
氢氧化铷溶液,,
氢氧化铯,,21351-79-1
氢氧化铯溶液,,
氢氧化铊,,17026-06-1
柴油,,
氰,氰气,460-19-5
氰氨化钙[含碳化钙＞0.1%],石灰氮,156-62-7
氰胍甲汞,氰甲汞胍,502-39-6
氰化钡,,542-62-1
氰化碘,碘化氰,506-78-5
氰化钙,,592-01-8
氰化镉,,542-83-6
氰化汞,氰化高汞；二氰化汞,592-04-1
氰化汞钾,汞氰化钾；氰化钾汞,591-89-9
氰化钴(Ⅱ),,542-84-7
氰化钴(Ⅲ),,14965-99-2
氰化钾,山奈钾,151-50-8
氰化金,,506-65-0
氰化钠,山奈,143-33-9
氰化钠铜锌,,
氰化镍,氰化亚镍,557-19-7
氰化镍钾,氰化钾镍,14220-17-8
氰化铅,,592-05-2
氰化氢,无水氢氰酸,74-90-8
氰化铈,,
氰化铜,氰化高铜,14763-77-0
氰化锌,,557-21-1
氰化溴,溴化氰,506-68-3
氰化金钾,,14263-59-3
氰化亚金钾,,13967-50-5
氰化亚铜,,544-92-3
氰化亚铜三钾,氰化亚铜钾,13682-73-0
氰化亚铜三钠,紫铜盐；紫铜矾；氰化铜钠,14264-31-4
氰化亚铜三钠溶液,,
氰化银,,506-64-9
氰化银钾,银氰化钾,506-61-6
"(RS)-α-氰基-3-苯氧基苄基(SR)-3-(2,2-二氯乙烯基)-2,2-二甲基环丙烷羧酸酯 ",氯氰菊酯,52315-07-8
4-氰基苯甲酸,对氰基苯甲酸,619-65-8
氰基乙酸,氰基醋酸,372-09-8
氰基乙酸乙酯,氰基醋酸乙酯；乙基氰基乙酸酯,105-56-6
氰尿酰氯,三聚氰酰氯；三聚氯化氰,108-77-0
氰熔体,,
2-巯基丙酸,硫代乳酸,79-42-5
5-巯基四唑并-1-乙酸,,
2-巯基乙醇,硫代乙二醇；2-羟基-1-乙硫醇,60-24-2
巯基乙酸,氢硫基乙酸；硫代乙醇酸,25143
全氟辛基磺酸,,1763-23-1
全氟辛基磺酸铵,,29081-56-9
全氟辛基磺酸二癸二甲基铵,,251099-16-8
全氟辛基磺酸二乙醇铵,,70225-14-8
全氟辛基磺酸钾,,2795-39-3
全氟辛基磺酸锂,,29457-72-5
全氟辛基磺酸四乙基铵,,56773-42-3
全氟辛基磺酰氟,,307-35-7
全氯甲硫醇,三氯硫氯甲烷；过氯甲硫醇；四氯硫代碳酰,594-42-3
全氯五环癸烷 ,灭蚁灵,2385-85-5
壬基酚,壬基苯酚,25154-52-3
壬基酚聚氧乙烯醚,,9016-45-9
壬基三氯硅烷,,5283-67-0
壬烷及其异构体,,
1-壬烯,,124-11-8
2-壬烯,,2216-38-8
3-壬烯,,20063-92-7
4-壬烯,,2198-23-4
溶剂苯,,
溶剂油[闭杯闪点≤60℃],,
乳酸苯汞三乙醇铵,,23319-66-6
乳酸锑,,58164-88-8
乳香油,,8016-36-2
噻吩,硫杂茂；硫代呋喃,110-02-1
三-(1-吖丙啶基)氧化膦,三吖啶基氧化膦,545-55-1
"三(2,3-二溴丙磷酸脂)磷酸盐",,126-72-7
三(2-甲基氮丙啶)氧化磷,三(2-甲基氮杂环丙烯)氧化膦,57-39-6
"三(环己基)-1,2,4-三唑-1-基)锡",三唑锡,41083-11-8
三苯基磷,,603-35-0
三苯基氯硅烷,,76-86-8
三苯基氢氧化锡,三苯基羟基锡,76-87-9
三苯基乙酸锡,,900-95-8
三丙基铝,,102-67-0
三丙基氯化锡 ,氯丙锡；三丙锡氯,2279-76-7
三碘化砷,碘化亚砷,7784-45-4
三碘化铊,,13453-37-7
三碘化锑,,64013-16-7
三碘甲烷,碘仿,75-47-8
三碘乙酸,三碘醋酸,594-68-3
三丁基氟化锡,,30593
三丁基铝,,1116-70-7
三丁基氯化锡,,1461-22-9
三丁基硼,,122-56-5
三丁基氢化锡,,688-73-3
"S,S,S-三丁基三硫代磷酸酯",三硫代磷酸三丁酯；脱叶磷,78-48-8
三丁基锡苯甲酸,,4342-36-3
三丁基锡环烷酸,,85409-17-2
三丁基锡亚油酸,,24124-25-2
三丁基氧化锡,,56-35-9
三丁锡甲基丙烯酸,,2155-70-6
三氟丙酮,,421-50-1
三氟化铋,,7787-61-3
三氟化氮,,7783-54-2
三氟化磷,,7783-55-3
三氟化氯,,7790-91-2
三氟化硼,氟化硼,2095581
三氟化硼丙酸络合物,,
三氟化硼甲醚络合物,,353-42-4
三氟化硼乙胺,,75-23-0
三氟化硼乙醚络合物,,109-63-7
三氟化硼乙酸酐,三氟化硼醋酸酐,591-00-4
三氟化硼乙酸络合物,乙酸三氟化硼,7578-36-1
三氟化砷,氟化亚砷,7784-35-2
三氟化锑,氟化亚锑,7783-56-4
三氟化溴,,7787-71-5
三氟甲苯,,36015
(RS)-2-[4-(5-三氟甲基-2-吡啶氧基)苯氧基]丙酸丁酯 ,吡氟禾草灵丁酯,69806-50-4
2-三氟甲基苯胺,2-氨基三氟甲苯,88-17-5
3-三氟甲基苯胺,3-氨基三氟甲苯；间三氟甲基苯胺,98-16-8
三氟甲烷,R23；氟仿,75-46-7
三氟氯化甲苯,三氟甲基氯苯,
三氟氯乙烯[稳定的],R1113；氯三氟乙烯,79-38-9
三氟溴乙烯,溴三氟乙烯,598-73-2
"2,2,2-三氟乙醇",,75-89-8
三氟乙酸,三氟醋酸,27881
三氟乙酸酐,三氟醋酸酐,407-25-0
三氟乙酸铬,三氟醋酸铬,16712-29-1
三氟乙酸乙酯,三氟醋酸乙酯,383-63-1
"1,1,1-三氟乙烷",R143,420-46-2
三氟乙酰氯,氯化三氟乙酰,354-32-5
三环己基氢氧化锡 ,三环锡,13121-70-5
三甲胺[无水],,75-50-3
三甲胺溶液,,
"2,4,4-三甲基-1-戊烯",,107-39-1
"2,4,4-三甲基-2-戊烯",,107-40-4
"1,2,3-三甲基苯",连三甲基苯,526-73-8
"1,2,4-三甲基苯",假枯烯,95-63-6
"1,3,5-三甲基苯",均三甲苯,108-67-8
"2,2,3-三甲基丁烷",,464-06-2
三甲基环己胺,,15901-42-5
"3,3,5-三甲基己撑二胺","3,3,5-三甲基六亚甲基二胺",25620-58-0；
,,25513-64-8
三甲基己基二异氰酸酯,二异氰酸三甲基六亚甲基酯,
"2,2,4-三甲基己烷",,16747-26-5
"2,2,5-三甲基己烷",,3522-94-9
三甲基铝,,75-24-1
三甲基氯硅烷,氯化三甲基硅烷,75-77-4
三甲基硼,甲基硼,593-90-8
"2,4,4-三甲基戊基-2-过氧化苯氧基乙酸酯[在溶液中,含量≤37%]","2,4,4-三甲基戊基-2-过氧化苯氧基醋酸酯",59382-51-3
"2,2,3-三甲基戊烷",,564-02-3
"2,2,4-三甲基戊烷",,540-84-1
"2,3,4-三甲基戊烷",,565-75-3
三甲基乙酰氯,三甲基氯乙酰；新戊酰氯,3282-30-2
三甲基乙氧基硅烷,乙氧基三甲基硅烷,1825-62-3
三聚丙烯,三丙烯,13987-01-4
三聚甲醛,三氧杂环己烷；三聚蚁醛；对称三噁烷,110-88-3
三聚氰酸三烯丙酯,,101-37-1
三聚乙醛,仲乙醛；三聚醋醛,123-63-7
三聚异丁烯,三异丁烯,7756-94-7
三硫化二磷,三硫化磷,12165-69-4
三硫化二锑,硫化亚锑,1345-04-6
三硫化四磷,,1314-85-8
"1,1,2-三氯-1,2,2-三氟乙烷","R113；1,2,2-三氯三氟乙烷",76-13-1
"2,3,4-三氯-1-丁烯",三氯丁烯,2431-50-7
"1,1,1-三氯-2,2-双(4-氯苯基)乙烷 ",滴滴涕,50-29-3
"2,4,5-三氯苯胺","1-氨基-2,4,5-三氯苯",636-30-6
"2,4,6-三氯苯胺","1-氨基-2,4,6-三氯苯",634-93-5
"2,4,5-三氯苯酚","2,4,5-三氯酚",95-95-4
"2,4,6-三氯苯酚","2,4,6-三氯酚",32296
"2-(2,4,5-三氯苯氧基)丙酸 ","2,4,5-涕丙酸",93-72-1
"2,4,5-三氯苯氧乙酸 ","2,4,5-涕",93-76-5
"1,2,3-三氯丙烷",,96-18-4
"1,2,3-三氯代苯","1,2,3-三氯苯",87-61-6
"1,2,4-三氯代苯","1,2,4-三氯苯",120-82-1
"1,3,5-三氯代苯","1,3,5-三氯苯",108-70-3
三氯硅烷,硅仿；硅氯仿；三氯氢硅,10025-78-2
三氯化碘,,865-44-1
三氯化钒,,7718-98-1
三氯化磷,"氯化磷,氯化亚磷",2125683
三氯化铝[无水],氯化铝,7446-70-0
三氯化铝溶液,氯化铝溶液,
三氯化钼,,13478-18-7
三氯化硼,,10294-34-5
三氯化三甲基二铝,三氯化三甲基铝,12542-85-7
三氯化三乙基二铝,三氯三乙基络铝,12075-68-2
三氯化砷,氯化亚砷,7784-34-1
三氯化钛,氯化亚钛,2120424
三氯化钛溶液,氯化亚钛溶液,
三氯化钛混合物,,
三氯化锑,,10025-91-9
三氯化铁,氯化铁,7705-08-0
三氯化铁溶液,氯化铁溶液,
三氯甲苯,"三氯化苄；苯基三氯甲烷；α,α,α-三氯甲苯",35983
三氯甲烷,氯仿,67-66-3
三氯三氟丙酮,"1,1,3-三氯-1,3,3-三氟丙酮",79-52-7
三氯硝基甲烷,氯化苦；硝基三氯甲烷,27913
1-三氯锌酸-4-二甲氨基重氮苯,,
"1,2-O-[(1R)-2,2,2-三氯亚乙基]-α-D-呋喃葡糖",α-氯醛糖,15879-93-3
三氯氧化钒,三氯化氧钒,7727-18-6
三氯氧磷,氧氯化磷；氯化磷酰；磷酰氯；三氯化磷酰；磷酰三氯,10025-87-3
三氯一氟甲烷,R11,75-69-4
三氯乙腈,氰化三氯甲烷,545-06-2
三氯乙醛[稳定的],氯醛；氯油,75-87-6
三氯乙酸,三氯醋酸,27828
三氯乙酸甲酯,三氯醋酸甲酯,598-99-2
"1,1,1-三氯乙烷",甲基氯仿,71-55-6
"1,1,2-三氯乙烷",,79-00-5
三氯乙烯,,28861
三氯乙酰氯,,27798
三氯异氰脲酸,,87-90-1
三烯丙基胺,三烯丙胺；三(2-丙烯基)胺,102-70-5
"1,3,5-三硝基苯",均三硝基苯,99-35-4
"2,4,6-三硝基苯胺",苦基胺,489-98-5
"2,4,6-三硝基苯酚",苦味酸,88-89-1
"2,4,6-三硝基苯酚铵[干的或含水＜10%]",苦味酸铵,131-74-8
"2,4,6-三硝基苯酚铵[含水≥10%]",,
"2,4,6-三硝基苯酚钠",苦味酸钠,3324-58-1
"2,4,6-三硝基苯酚银[含水≥30%]",苦味酸银,146-84-9
三硝基苯磺酸,,2508-19-2
"2,4,6-三硝基苯磺酸钠",,5400-70-4
三硝基苯甲醚,三硝基茴香醚,28653-16-9
"2,4,6-三硝基苯甲酸",三硝基安息香酸,129-66-8
"2,4,6-三硝基苯甲硝胺",特屈儿,479-45-8
三硝基苯乙醚,,4732-14-3
"2,4,6-三硝基二甲苯","2,4,6-三硝基间二甲苯",632-92-8
"2,4,6-三硝基甲苯",梯恩梯；TNT,118-96-7
"三硝基甲苯与六硝基-1,2-二苯乙烯混合物",三硝基甲苯与六硝基芪混合物,
"2,4,6-三硝基甲苯与铝混合物",特里托纳尔,
"三硝基甲苯与三硝基苯和六硝基-1,2-二苯乙烯混合物",三硝基甲苯与三硝基苯和六硝基芪混合物,
三硝基甲苯与三硝基苯混合物,,
三硝基甲苯与硝基萘混合物,梯萘炸药,
"2,4,6-三硝基间苯二酚",收敛酸,82-71-3
"2,4,6-三硝基间苯二酚铅[湿的，按质量含水或乙醇和水的混合物不低于20%]",收敛酸铅,15245-44-0
三硝基间甲酚,,602-99-3
"2,4,6-三硝基氯苯",苦基氯,88-88-0
三硝基萘,,55810-17-8
三硝基芴酮,,129-79-3
"2,4,6-三溴苯胺",,147-82-0
三溴化碘,,7789-58-4
三溴化磷,,7789-60-8
三溴化铝[无水],溴化铝,7727-15-3
三溴化铝溶液,溴化铝溶液,
三溴化硼,,10294-33-4
三溴化三甲基二铝,三溴化三甲基铝,12263-85-3
三溴化砷,溴化亚砷,7784-33-0
三溴化锑,,7789-61-9
三溴甲烷,溴仿,75-25-2
三溴乙醛,溴醛,115-17-3
三溴乙酸,三溴醋酸,75-96-7
三溴乙烯,,598-16-3
"2,4,6-三亚乙基氨基-1,3,5-三嗪",曲他胺,51-18-3
三亚乙基四胺,二缩三乙二胺；三乙撑四胺,112-24-3
三氧化二氮,亚硝酐,10544-73-7
三氧化二钒,,1314-34-7
三氧化二磷,亚磷酸酐,1314-24-5
三氧化二砷,白砒；砒霜；亚砷酸酐,1327-53-3
三氧化铬[无水],铬酸酐,1333-82-0
三氧化硫[稳定的],硫酸酐,2025949
三乙胺,,121-44-8
"3,6,9-三乙基-3,6,9-三甲基-1,4,7-三过氧壬烷[含量≤42%,含A型稀释剂≥58%]",,24748-23-0
三乙基铝,,97-93-8
三乙基硼,,97-94-9
三乙基砷酸酯,,15606-95-8
三乙基锑,,617-85-6
三异丁基铝,,100-99-2
三正丙胺,"N,N-二丙基-1-丙胺",102-69-2
三正丁胺,三丁胺,102-82-9
砷,,7440-38-2
砷化汞,,749262-24-6
砷化镓,,1303-00-0
砷化氢,砷化三氢；胂,7784-42-1
砷化锌,,12006-40-5
砷酸,,7778-39-4
砷酸铵,,24719-13-9
砷酸钡,,13477-04-8
砷酸二氢钾,,
砷酸二氢钠,,10103-60-3
砷酸钙,砷酸三钙,7778-44-1
砷酸汞,砷酸氢汞,7784-37-4
砷酸钾,,7784-41-0
砷酸镁,,10103-50-1
砷酸钠,砷酸三钠,13464-38-5
砷酸铅,,7645-25-2
砷酸氢二铵,,7784-44-3
砷酸氢二钠,,7778-43-0
砷酸锑,,28980-47-4
砷酸铁,,10102-49-5
砷酸铜,,10103-61-4
砷酸锌,,1303-39-5
砷酸亚铁,,10102-50-8
砷酸银,,13510-44-6
生漆,大漆,
生松香,焦油松香；松脂,
十八烷基三氯硅烷,,112-04-9
十八烷基乙酰胺,十八烷醋酸酰胺,
十八烷酰氯,硬脂酰氯,112-76-5
十二烷基硫醇,月桂硫醇；十二硫醇,112-55-0
十二烷基三氯硅烷,,4484-72-4
十二烷酰氯,月桂酰氯,112-16-3
十六烷基三氯硅烷,,5894-60-0
十六烷酰氯,棕榈酰氯,112-67-4
十氯酮 ,十氯代八氢-亚甲基-环丁异[CD]戊搭烯-2-酮；开蓬,143-50-0
"1,1,2,2,3,3,4,4,5,5,6,6,7,7,8,8,8-十七氟-1-辛烷磺酸",,45298-90-6
十氢化萘,萘烷,91-17-8
十四烷酰氯,肉豆蔻酰氯,112-64-1
十溴联苯,,13654-09-6
石棉[含:阳起石石棉、铁石棉、透闪石石棉、直闪石石棉、青石棉],,1332-21-4
石脑油,,8030-30-6
石油醚,石油精,8032-32-4
石油气,原油气,
石油原油,原油,2228840
铈[粉、屑],,7440-45-1
金属铈[浸在煤油中的],,
铈镁合金粉,,
叔丁胺,2-氨基-2-甲基丙烷；特丁胺,75-64-9
"5-叔丁基-2,4,6-三硝基间二甲苯","二甲苯麝香；1-(1,1-二甲基乙基)-3,5-二甲基-2,4,6-三硝基苯",81-15-2
叔丁基苯,叔丁苯,35952
2-叔丁基苯酚,邻叔丁基苯酚,88-18-6
4-叔丁基苯酚,对叔丁基苯酚；对特丁基苯酚；4-羟基-1-叔丁基苯,98-54-4
叔丁基过氧-2-甲基苯甲酸酯[含量≤100%],,22313-62-8
叔丁基过氧-2-乙基己酸酯[52%＜含量≤100%],过氧化-2-乙基己酸叔丁酯,3006-82-4
"叔丁基过氧-2-乙基己酸酯[32%＜含量≤52%,含B型稀释剂≥48%]",,
"叔丁基过氧-2-乙基己酸酯[含量≤32%,含B型稀释剂≥68%]",,
"叔丁基过氧-2-乙基己酸酯[含量≤52%,惰性固体含量≥48%]",,
"叔丁基过氧-2-乙基己酸酯和2,2-二-(叔丁基过氧)丁烷的混合物[叔丁基过氧-2-乙基己酸酯≤12%,2,2-二-(叔丁基过氧)丁烷的混合物≤14%,含A型稀释剂≥14%,含惰性固体≥60%]",,
"叔丁基过氧-2-乙基己酸酯和2,2-二-(叔丁基过氧)丁烷的混合物[叔丁基过氧-2-乙基己酸酯≤31%,2,2-二-(叔丁基过氧)丁烷≤36%,含B型稀释剂≥33%]",,
叔丁基过氧-2-乙基己碳酸酯[含量≤100%],,34443-12-4
"叔丁基过氧丁基延胡索酸酯[含量≤52%,含A型稀释剂≥48%]",,
叔丁基过氧二乙基乙酸酯[含量≤100%],过氧化二乙基乙酸叔丁酯；过氧化叔丁基二乙基乙酸酯,
叔丁基过氧新癸酸酯[77%＜含量≤100%],过氧化新癸酸叔丁酯,26748-41-4
"叔丁基过氧新癸酸酯[含量≤32%,含A型稀释剂≥68%]",,
"叔丁基过氧新癸酸酯[含量≤42%,在水(冷冻)中稳定弥散]",,
"叔丁基过氧新癸酸酯[含量≤52%,在水中稳定弥散]",,
叔丁基过氧新癸酸酯[含量≤77%],,
"叔丁基过氧新戊酸酯[27%＜含量≤67%,含B型稀释剂≥33%]",,927-07-1
"叔丁基过氧新戊酸酯[67%＜含量≤77%,含A型稀释剂≥23%]",,
"叔丁基过氧新戊酸酯[含量≤27%,含B型稀释剂≥73%]",,
"1-(2-叔丁基过氧异丙基)-3-异丙烯基苯[含量≤42%,惰性固体含量≥58%]",,96319-55-0
"1-(2-叔丁基过氧异丙基)-3-异丙烯基苯[含量≤77%,含A型稀释剂≥23%]",,
"叔丁基过氧异丁酸酯[52%＜含量≤77%,含B型稀释剂≥23%]",过氧化异丁酸叔丁酯,109-13-7
"叔丁基过氧异丁酸酯[含量≤52%,含B型稀释剂≥48%]",,
叔丁基过氧硬酯酰碳酸酯[含量≤100%],,
叔丁基环己烷,环己基叔丁烷；特丁基环己烷,3178-22-1
叔丁基硫醇,叔丁硫醇,75-66-1
叔戊基过氧-2-乙基己酸酯[含量≤100%],过氧化-2-乙基己酸叔戊酯,686-31-7
"叔戊基过氧化氢[含量≤88%,含A型稀释剂≥6%,含水≥6%]",,3425-61-4
"叔戊基过氧戊酸酯[含量≤77%,含B型稀释剂≥23%]",过氧化叔戊基新戊酸酯,29240-17-3
"叔戊基过氧新癸酸酯[含量≤77%,含B型稀释剂≥23%]",过氧化叔戊基新癸酸酯,68299-16-1
叔辛胺,,107-45-9
树脂酸钙,,9007-13-0
树脂酸钴,,68956-82-1
树脂酸铝,,61789-65-9
树脂酸锰,,9008-34-8
树脂酸锌,,9010-69-9
双(1-甲基乙基)氟磷酸酯,二异丙基氟磷酸酯；丙氟磷,55-91-4
双(2-氯乙基)甲胺,氮芥；双(氯乙基)甲胺,51-75-2
"5-[(双(2-氯乙基)氨基]-2,4-(1H,3H)嘧啶二酮",尿嘧啶芳芥；嘧啶苯芥,66-75-1
"2,2-双-[4,4-二(叔丁基过氧化)环己基]丙烷[含量≤42%,惰性固体含量≥58%]",,
"2,2-双-[4,4-二(叔丁基过氧化)环己基]丙烷[含量≤22%,含B型稀释剂≥78%]",,
"2,2-双(4-氯苯基)-2-羟基乙酸乙酯 ","4,4'-二氯二苯乙醇酸乙酯； 乙酯杀螨醇",510-15-6
"O,O-双(4-氯苯基)N-(1-亚氨基)乙基硫代磷酸胺",毒鼠磷,4104-14-7
"双(N,N-二甲基甲硫酰)二硫化物 ",四甲基二硫代秋兰姆；四甲基硫代过氧化二碳酸二酰胺； 福美双,137-26-8
双(二甲胺基)磷酰氟[含量＞2%],甲氟磷,115-26-4
双(二甲基二硫代氨基甲酸)锌,福美锌,137-30-4
"4,4-双-(过氧化叔丁基)戊酸正丁酯[52%＜含量≤100%]","4,4-二(叔丁基过氧化)戊酸正丁酯",995-33-5
"4,4-双-(过氧化叔丁基)戊酸正丁酯[含量≤52%,含惰性固体≥48%]",,
"双过氧化壬二酸[含量≤27%,惰性固体含量≥73%]",,1941-79-3
"双过氧化十二烷二酸[含量≤42%,含硫酸钠≥56%]",,66280-55-5
双戊烯,"苎烯；二聚戊烯；1,8-萜二烯",138-86-3
"2,5-双(1-吖丙啶基)-3-(2-氨甲酰氧-1-甲氧乙基)-6-甲基-1,4-苯醌",卡巴醌,24279-91-2
水合肼[含肼≤64%],水合联氨,10217-52-4
水杨醛,2-羟基苯甲醛；邻羟基苯甲醛,32912
水杨酸汞,,5970-32-1
水杨酸化烟碱,,29790-52-1
丝裂霉素C,自力霉素,18451
四苯基锡,,595-90-4
四碘化锡,,7790-47-8
四丁基氢氧化铵,,2052-49-5
四丁基氢氧化磷,,14518-69-5
四丁基锡,,1461-25-2
四氟代肼,四氟肼,10036-47-2
四氟化硅,氟化硅,7783-61-1
四氟化硫,,7783-60-0
四氟化铅,,7783-59-7
四氟甲烷,R14,75-73-0
"四氟硼酸-2,5-二乙氧基-4-吗啉代重氮苯",,4979-72-0
四氟乙烯[稳定的],,116-14-3
"1,2,4,5-四甲苯",均四甲苯,95-93-2
"1,1,3,3-四甲基-1-丁硫醇",特辛硫醇；叔辛硫醇,141-59-3
"1,1,3,3-四甲基丁基过氧-2-乙基己酸酯[含量≤100%]","过氧化-2-乙基己酸-1,1,3,3-四甲基丁酯；过氧化-1,1,3,3-四甲基丁基-2-乙基乙酸酯；过氧化-2-乙基己酸叔辛酯",22288-43-3
"1,1,3,3-四甲基丁基过氧新癸酸酯[含量≤52%,在水中稳定弥散]",,51240-95-0
"1,1,3,3-四甲基丁基过氧新癸酸酯[含量≤72%,含B型稀释剂≥28%]",,
"1,1,3,3-四甲基丁基氢过氧化物[含量≤100%]",过氧化氢叔辛基,1427951
"2,2,3',3'-四甲基丁烷",六甲基乙烷；双叔丁基,594-82-1
四甲基硅烷,四甲基硅,75-76-3
四甲基铅,,75-74-1
四甲基氢氧化铵,,75-59-2
"N,N,N',N'-四甲基乙二胺","1,2-双(二甲基氨基)乙烷",110-18-9
四聚丙烯,四丙烯,6842-15-5
四磷酸六乙酯,乙基四磷酸酯,757-58-4
四磷酸六乙酯和压缩气体混合物,,
"2,3,4,6-四氯苯酚","2,3,4,6-四氯酚",58-90-2
"1,1,3,3-四氯丙酮","1,1,3,3-四氯-2-丙酮",632-21-3
"1,2,3,4-四氯代苯",,634-66-2
"1,2,3,5-四氯代苯",,634-90-2
"1,2,4,5-四氯代苯",,95-94-3
"2,3,7,8-四氯二苯并对二噁英","二噁英；2,3,7,8-TCDD；四氯二苯二噁英",1746-01-6
四氯化碲,,10026-07-0
四氯化钒,,7632-51-1
四氯化锆,,10026-11-6
四氯化硅,氯化硅,10026-04-7
四氯化硫,,13451-08-6
"1,2,3,4-四氯化萘",四氯化萘,1335-88-2
四氯化铅,,13463-30-4
四氯化钛,,7550-45-0
四氯化碳,四氯甲烷,56-23-5
四氯化硒,,10026-03-6
四氯化锡[无水],氯化锡,7646-78-8
四氯化锡五水合物,,10026-06-9
四氯化锗,氯化锗,10038-98-9
四氯邻苯二甲酸酐,,117-08-8
"四氯锌酸-2,5-二丁氧基-4-(4-吗啉基)-重氮苯(2:1)",,14726-58-0
"1,1,2,2-四氯乙烷",,79-34-5
四氯乙烯,全氯乙烯,127-18-4
N-四氯乙硫基四氢酞酰亚胺,敌菌丹,191906
"5,6,7,8-四氢-1-萘胺","1-氨基-5,6,7,8-四氢萘",2217-41-6
"3-(1,2,3,4-四氢-1-萘基)-4-羟基香豆素",杀鼠醚,5836-29-3
"1,2,5,6-四氢吡啶",,694-05-3
四氢吡咯,吡咯烷；四氢氮杂茂,123-75-1
四氢吡喃,氧己环,142-68-7
四氢呋喃,氧杂环戊烷,109-99-9
"1,2,3,6-四氢化苯甲醛",,100-50-5
四氢糠胺,,4795-29-3
四氢邻苯二甲酸酐[含马来酐＞0.05%],四氢酞酐,2426-02-0
四氢噻吩,四甲撑硫；四氢硫杂茂,110-01-0
四氰基代乙烯,四氰代乙烯,670-54-2
"2,3,4,6-四硝基苯胺",,3698-54-2
四硝基甲烷,,509-14-8
四硝基萘,,28995-89-3
四硝基萘胺,,
四溴二苯醚,,40088-47-9
四溴化硒,,7789-65-3
四溴化锡,,7789-67-5
四溴甲烷,四溴化碳,558-13-4
"1,1,2,2-四溴乙烷",,79-27-6
四亚乙基五胺,三缩四乙二胺；四乙撑五胺,112-57-2
四氧化锇,锇酸酐,20816-12-0
四氧化二氮,,10544-72-6
四氧化三铅,红丹；铅丹；铅橙,1314-41-6
"O,O,O',O'-四乙基-S,S'-亚甲基双(二硫代磷酸酯) ",乙硫磷,563-12-2
"O,O,O',O'-四乙基二硫代焦磷酸酯",治螟磷,3689-24-5
四乙基焦磷酸酯,特普,107-49-3
四乙基铅,发动机燃料抗爆混合物,78-00-2
四乙基氢氧化铵,,77-98-5
四乙基锡,四乙锡,597-64-8
四唑并-1-乙酸,四唑乙酸；四氮杂茂-1-乙酸,21732-17-2
松焦油,,8011-48-1
松节油,,8006-64-2
松节油混合萜,松脂萜；芸香烯,1335-76-8
松油,,2228957
松油精,松香油,8002-16-2
酸式硫酸三乙基锡,,57875-67-9
铊,金属铊,7440-28-0
钛酸四乙酯,钛酸乙酯；四乙氧基钛,3087-36-3
钛酸四异丙酯,钛酸异丙酯,546-68-9
钛酸四正丙酯,钛酸正丙酯,3087-37-4
碳化钙,电石,75-20-7
碳化铝,,1299-86-1
碳酸二丙酯,碳酸丙酯,623-96-1
碳酸二甲酯,,616-38-6
碳酸二乙酯,碳酸乙酯,105-58-8
碳酸铍,,13106-47-3
碳酸亚铊,碳酸铊,6533-73-9
碳酸乙丁酯,,30714-78-4
碳酰氯,光气,75-44-5
羰基氟,碳酰氟；氟化碳酰,353-50-4
羰基硫,硫化碳酰,463-58-1
羰基镍,四羰基镍；四碳酰镍,13463-39-3
"2-特丁基-4,6-二硝基酚","2-(1,1-二甲基乙基)-4,6-二硝酚；特乐酚",1420-07-1
"2-特戊酰-2,3-二氢-1,3-茚二酮 ",鼠完,83-26-1
锑粉,,7440-36-0
锑化氢,三氢化锑；锑化三氢；睇,7803-52-3
天然气[富含甲烷的],沼气,8006-14-2
萜品油烯,异松油烯,586-62-9
萜烃,,63394-00-3
铁铈齐,铈铁合金,69523-06-4
铜钙合金,,
铜乙二胺溶液,,13426-91-0
土荆芥油,藜油；除蛔油,8006-99-3
烷基、芳基或甲苯磺酸[含游离硫酸],,
烷基锂,,
烷基铝氢化物,,
乌头碱,附子精,302-27-2
无水肼[含肼＞64%],无水联胺,302-01-2
五氟化铋,,7787-62-4
五氟化碘,,7783-66-6
五氟化磷,,7647-19-0
五氟化氯,,13637-63-3
五氟化锑,,7783-70-2
五氟化溴,,7789-30-2
五甲基庚烷,,30586-18-6
五硫化二磷,五硫化磷,1314-80-3
五氯苯,,608-93-5
五氯苯酚,五氯酚,87-86-5
五氯苯酚苯基汞,,
五氯苯酚汞,,
"2,3,4,7,8-五氯二苯并呋喃","2,3,4,7,8-PCDF",57117-31-4
五氯酚钠,,131-52-2
五氯化磷,,10026-13-8
五氯化钼,,10241-05-1
五氯化铌,,10026-12-7
五氯化钽,,2126087
五氯化锑,过氯化锑；氯化锑,7647-18-9
五氯硝基苯,硝基五氯苯,82-68-8
五氯乙烷,,27766
五氰金酸四钾,,68133-87-9
五羰基铁,羰基铁,13463-40-6
五溴二苯醚,,32534-81-9
五溴化磷,,7789-69-7
五氧化二碘,碘酐,12029-98-0
五氧化二钒,钒酸酐,1314-62-1
五氧化二磷,磷酸酐,1314-56-3
五氧化二砷,砷酸酐；五氧化砷；氧化砷,1303-28-2
五氧化二锑,锑酸酐,1314-60-9
1-戊醇,正戊醇,71-41-0
2-戊醇,仲戊醇,6032-29-7
"1,5-戊二胺","1,5-二氨基戊烷；五亚甲基二胺；尸毒素",462-94-2
戊二腈,"1,3-二氰基丙烷",544-13-8
戊二醛,"1,5-戊二醛",111-30-8
"2,4-戊二酮",乙酰丙酮,123-54-6
"1,3-戊二烯[稳定的]",,504-60-9
"1,4-戊二烯[稳定的]",,591-93-5
戊基三氯硅烷,,107-72-2
戊腈,丁基氰；氰化丁烷,110-59-8
1-戊硫醇,正戊硫醇,110-66-7
戊硫醇异构体混合物,,
戊硼烷,五硼烷,19624-22-7
1-戊醛,正戊醛,110-62-3
1-戊炔,丙基乙炔,627-19-0
2-戊酮,甲基丙基甲酮,107-87-9
3-戊酮,二乙基酮,96-22-0
1-戊烯,,109-67-1
2-戊烯,,109-68-2
1-戊烯-3-酮,乙烯乙基甲酮,1629-58-9
戊酰氯,,638-29-9
烯丙基三氯硅烷[稳定的],,107-37-9
烯丙基缩水甘油醚,,106-92-3
硒,,7782-49-2
硒化镉,,1306-24-7
硒化铅,,12069-00-0
硒化氢[无水],,2148909
硒化铁,,1310-32-3
硒化锌,,1315-09-9
硒脲,,630-10-4
硒酸,,2148941
硒酸钡,,7787-41-9
硒酸钾,,7790-59-2
硒酸钠,,13410-01-0
硒酸铜,硒酸高铜,15123-69-0
氙[压缩的或液化的],,7440-63-3
硝铵炸药,铵梯炸药,
硝化甘油[按质量含有不低于40%不挥发、不溶于水的减敏剂],硝化丙三醇；甘油三硝酸酯,55-63-0
硝化甘油乙醇溶液[含硝化甘油≤10%],硝化丙三醇乙醇溶液；甘油三硝酸酯乙醇溶液,
硝化淀粉,,9056-38-6
硝化二乙醇胺火药,,
硝化沥青,,
硝化酸混合物,硝化混合酸,51602-38-1
硝化纤维素[干的或含水（或乙醇）＜25%],硝化棉,9004-70-0
"硝化纤维素[含氮≤12.6%,含乙醇≥25%]",,
硝化纤维素[含氮≤12.6%],,
硝化纤维素[含水≥25%],,
硝化纤维素[含乙醇≥25%],,
硝化纤维素[未改型的，或增塑的，含增塑剂＜18%],,
"硝化纤维素溶液[含氮量≤12.6%,含硝化纤维素≤55%]",硝化棉溶液,
"硝化纤维塑料[板、片、棒、管、卷等状,不包括碎屑]",赛璐珞,8050-88-2
硝化纤维塑料碎屑,赛璐珞碎屑,
"3-硝基-1,2-二甲苯","1,2-二甲基-3-硝基苯；3-硝基邻二甲苯",83-41-0
"4-硝基-1,2-二甲苯","1,2-二甲基-4-硝基苯；4-硝基邻二甲苯；4,5-二甲基硝基苯",99-51-4
"2-硝基-1,3-二甲苯","1,3-二甲基-2-硝基苯；2-硝基间二甲苯",81-20-9
"4-硝基-1,3-二甲苯","1,3-二甲基-4-硝基苯；4-硝基间二甲苯；2,4-二甲基硝基苯；对硝基间二甲苯",89-87-2
"5-硝基-1,3-二甲苯","1,3-二甲基-5-硝基苯；5-硝基间二甲苯；3,5-二甲基硝基苯",36501
4-硝基-2-氨基苯酚,2-氨基-4-硝基苯酚；邻氨基对硝基苯酚；对硝基邻氨基苯酚,99-57-0
5-硝基-2-氨基苯酚,2-氨基-5-硝基苯酚,121-88-0
4-硝基-2-甲苯胺,对硝基邻甲苯胺,99-52-5
4-硝基-2-甲氧基苯胺,5-硝基-2-氨基苯甲醚；对硝基邻甲氧基苯胺,97-52-9
2-硝基-4-甲苯胺,邻硝基对甲苯胺,89-62-3
3-硝基-4-甲苯胺,间硝基对甲苯胺,119-32-4
2-硝基-4-甲苯酚,4-甲基-2-硝基苯酚,119-33-5
2-硝基-4-甲氧基苯胺,枣红色基GP,96-96-8
3-硝基-4-氯三氟甲苯,2-氯-5-三氟甲基硝基苯,121-17-5
3-硝基-4-羟基苯胂酸,4-羟基-3-硝基苯胂酸,121-19-7
"3-硝基-N,N-二甲基苯胺","N,N-二甲基间硝基苯胺；间硝基二甲苯胺",619-31-8
"4-硝基-N,N-二甲基苯胺","N,N-二甲基对硝基苯胺；对硝基二甲苯胺",100-23-2
"4-硝基-N,N-二乙基苯胺","N,N-二乙基对硝基苯胺；对硝基二乙基苯胺",2216-15-1
硝基苯,,98-95-3
2-硝基苯胺,邻硝基苯胺；1-氨基-2-硝基苯,88-74-4
3-硝基苯胺,间硝基苯胺；1-氨基-3-硝基苯,36405
4-硝基苯胺,对硝基苯胺；1-氨基-4-硝基苯,100-01-6
5-硝基苯并三唑,硝基连三氮杂茚,160318
2-硝基苯酚,邻硝基苯酚,88-75-5
3-硝基苯酚,间硝基苯酚,554-84-7
4-硝基苯酚,对硝基苯酚,100-02-7
2-硝基苯磺酰氯,邻硝基苯磺酰氯,1694-92-4
3-硝基苯磺酰氯,间硝基苯磺酰氯,121-51-7
4-硝基苯磺酰氯,对硝基苯磺酰氯,98-74-8
2-硝基苯甲醚,邻硝基苯甲醚；邻硝基茴香醚；邻甲氧基硝基苯,91-23-6
3-硝基苯甲醚,间硝基苯甲醚；间硝基茴香醚；间甲氧基硝基苯,555-03-3
4-硝基苯甲醚,对硝基苯甲醚；对硝基茴香醚；对甲氧基硝基苯,100-17-4
4-硝基苯甲酰胺,对硝基苯甲酰胺,619-80-7
2-硝基苯甲酰氯,邻硝基苯甲酰氯,610-14-0
3-硝基苯甲酰氯,间硝基苯甲酰氯,121-90-4
4-硝基苯甲酰氯,对硝基苯甲酰氯,122-04-3
2-硝基苯肼,邻硝基苯肼,3034-19-3
4-硝基苯肼,对硝基苯肼,100-16-3
2-硝基苯胂酸,邻硝基苯胂酸,5410-29-7
3-硝基苯胂酸,间硝基苯胂酸,618-07-5
4-硝基苯胂酸,对硝基苯胂酸,98-72-6
4-硝基苯乙腈,对硝基苯乙腈；对硝基苄基氰；对硝基氰化苄,555-21-5
2-硝基苯乙醚,邻硝基苯乙醚；邻乙氧基硝基苯,610-67-3
4-硝基苯乙醚,对硝基苯乙醚；对乙氧基硝基苯,100-29-8
3-硝基吡啶,,2530-26-9
1-硝基丙烷,,108-03-2
2-硝基丙烷,,79-46-9
2-硝基碘苯,2-碘硝基苯；邻硝基碘苯；邻碘硝基苯,609-73-4
3-硝基碘苯,3-碘硝基苯；间硝基碘苯；间碘硝基苯,645-00-1
4-硝基碘苯,4-碘硝基苯；对硝基碘苯；对碘硝基苯,636-98-6
1-硝基丁烷,,627-05-4
2-硝基丁烷,,600-24-8
硝基苊,,602-87-9
硝基胍,橄苦岩,556-88-7
2-硝基甲苯,邻硝基甲苯,88-72-2
3-硝基甲苯,间硝基甲苯,36373
4-硝基甲苯,对硝基甲苯,99-99-0
硝基甲烷,,75-52-5
2-硝基联苯,邻硝基联苯,86-00-0
4-硝基联苯,对硝基联苯,92-93-3
2-硝基氯化苄,邻硝基苄基氯；邻硝基氯化苄；邻硝基苯氯甲烷,612-23-7
3-硝基氯化苄,间硝基苯氯甲烷；间硝基苄基氯；间硝基氯化苄,619-23-8
4-硝基氯化苄,对硝基氯化苄；对硝基苄基氯；对硝基苯氯甲烷,100-14-1
硝基马钱子碱,卡可西灵,561-20-6
2-硝基萘,,581-89-5
1-硝基萘,,86-57-7
硝基脲,,556-89-8
硝基三氟甲苯,,
硝基三唑酮,NTO,932-64-9
2-硝基溴苯,邻硝基溴苯；邻溴硝基苯,577-19-5
3-硝基溴苯,间硝基溴苯；间溴硝基苯,585-79-5
4-硝基溴苯,对硝基溴苯；对溴硝基苯,586-78-7
4-硝基溴化苄,对硝基溴化苄；对硝基苯溴甲烷；对硝基苄基溴,100-11-8
硝基盐酸,王水,8007-56-5
硝基乙烷,,79-24-3
硝酸,,7697-37-2
"硝酸铵[含可燃物＞0.2%,包括以碳计算的任何有机物,但不包括任何其它添加剂]",,6484-52-2
硝酸铵[含可燃物≤0.2%],,
"硝酸铵肥料[比硝酸铵(含可燃物＞0.2%,包括以碳计算的任何有机物,但不包括任何其它添加剂)更易爆炸]",,
硝酸铵肥料[含可燃物≤0.4%],,
硝酸钡,,10022-31-8
硝酸苯胺,,542-15-4
硝酸苯汞,,55-68-5
硝酸铋,,10361-44-1
硝酸镝,,10143-38-1
硝酸铒,,10168-80-6
硝酸钙,,10124-37-5
硝酸锆,,13746-89-9
硝酸镉,,10325-94-7
硝酸铬,,13548-38-4
硝酸汞,硝酸高汞,10045-94-0
硝酸钴,硝酸亚钴,10141-05-6
硝酸胍,硝酸亚氨脲,506-93-4
硝酸镓,,13494-90-1
硝酸甲胺,,22113-87-7
硝酸钾,,7757-79-1
硝酸镧,,10099-59-9
硝酸铑,,10139-58-9
硝酸锂,,7790-69-4
硝酸镥,,10099-67-9
硝酸铝,,7784-27-2
硝酸镁,,10377-60-3
硝酸锰,硝酸亚锰,20694-39-7
硝酸钠,,7631-99-4
硝酸脲,,124-47-0
硝酸镍,二硝酸镍,13138-45-9
硝酸镍铵,四氨硝酸镍,
硝酸钕,,16454-60-7
硝酸钕镨,硝酸镨钕,134191-62-1
硝酸铍,,13597-99-4
硝酸镨,,10361-80-5
硝酸铅,,10099-74-8
硝酸羟胺,,13465-08-2
硝酸铯,,7789-18-6
硝酸钐,,13759-83-6
硝酸铈,硝酸亚铈,10108-73-3
硝酸铈铵,,16774-21-3
硝酸铈钾,,
硝酸铈钠,,
硝酸锶,,10042-76-9
硝酸铊,硝酸亚铊,10102-45-1
硝酸铁,硝酸高铁,10421-48-4
硝酸铜,,10031-43-3
硝酸锌,,7779-88-6
硝酸亚汞,,7782-86-7
硝酸氧锆,硝酸锆酰,13826-66-9
硝酸乙酯醇溶液,,
硝酸钇,,13494-98-9
硝酸异丙酯,,1712-64-7
硝酸异戊酯,,543-87-3
硝酸镱,,35725-34-9；
,,13768-67-7
硝酸铟,,13770-61-1
硝酸银,,7761-88-8
硝酸正丙酯,,627-13-4
硝酸正丁酯,,928-45-0
硝酸正戊酯,,1002-16-0
硝酸重氮苯,,619-97-6
辛二腈,"1,6-二氰基戊烷",629-40-3
辛二烯,,3710-30-3
辛基苯酚,,27193-28-8
辛基三氯硅烷,,5283-66-9
1-辛炔,,629-05-0
2-辛炔,,2809-67-8
3-辛炔,,15232-76-5
4-辛炔,,1942-45-6
辛酸亚锡,含锡稳定剂,301-10-0
3-辛酮,乙基戊基酮；乙戊酮,106-68-3
1-辛烯,,111-66-0
2-辛烯,,111-67-1
辛酰氯,,111-64-8
锌尘,,7440-66-6
锌粉,,
锌灰,,
锌汞齐,锌汞合金,
D型2-重氮-1-萘酚磺酸酯混合物,,
溴,溴素,7726-95-6
溴水[含溴≥3.5%],,
"3-溴-1,2-二甲基苯","间溴邻二甲苯；2,3-二甲基溴化苯",576-23-8
"4-溴-1,2-二甲基苯","对溴邻二甲苯；3,4-二甲基溴",583-71-1
"3-溴-1,2-环氧丙烷",环氧溴丙烷；溴甲基环氧乙烷；表溴醇,3132-64-7
3-溴-1-丙烯,3-溴丙烯；烯丙基溴,106-95-6
"1-溴-2,4-二硝基苯","3,4-二硝基溴化苯；1,3-二硝基-4-溴化苯；2,4-二硝基溴化苯",584-48-5
2-溴-2-甲基丙酸乙酯,2-溴异丁酸乙酯,600-00-0
1-溴-2-甲基丙烷,异丁基溴；溴代异丁烷,78-77-3
2-溴-2-甲基丙烷,叔丁基溴；特丁基溴；溴代叔丁烷,507-19-7
4-溴-2-氯氟苯,,60811-21-4
1-溴-3-甲基丁烷,异戊基溴；溴代异戊烷,107-82-4
溴苯,,108-86-1
2-溴苯胺,邻溴苯胺；邻氨基溴化苯,615-36-1
3-溴苯胺,间溴苯胺；间氨基溴化苯,591-19-5
4-溴苯胺,对溴苯胺；对氨基溴化苯,106-40-1
2-溴苯酚,邻溴苯酚,95-56-7
3-溴苯酚,间溴苯酚,591-20-8
4-溴苯酚,对溴苯酚,106-41-2
4-溴苯磺酰氯,,98-58-8
4-溴苯甲醚,对溴苯甲醚；对溴茴香醚,104-92-7
2-溴苯甲酰氯,邻溴苯甲酰氯,7154-66-7
4-溴苯甲酰氯,对溴苯甲酰氯；氯化对溴代苯甲酰,586-75-4
溴苯乙腈,溴苄基腈,5798-79-8
4-溴苯乙酰基溴,对溴苯乙酰基溴,99-73-0
3-溴丙腈,β-溴丙腈；溴乙基氰,2417-90-5
3-溴丙炔,,106-96-7
2-溴丙酸,α-溴丙酸,598-72-1
3-溴丙酸,β-溴丙酸,590-92-1
溴丙酮,,598-31-2
1-溴丙烷,正丙基溴；溴代正丙烷,106-94-5
2-溴丙烷,异丙基溴；溴代异丙烷,75-26-3
2-溴丙酰溴,溴化-2-溴丙酰,563-76-8
3-溴丙酰溴,溴化-3-溴丙酰,7623-16-7
溴代环戊烷,环戊基溴,137-43-9
溴代正戊烷,正戊基溴,110-53-2
1-溴丁烷,正丁基溴；溴代正丁烷,109-65-9
2-溴丁烷,仲丁基溴；溴代仲丁烷,78-76-2
溴化苄,α-溴甲苯；苄基溴,100-39-0
溴化丙酰,丙酰溴,598-22-1
溴化汞,二溴化汞；溴化高汞,7789-47-1
溴化氢,,10035-10-6
溴化氢乙酸溶液,溴化氢醋酸溶液,
溴化硒,,7789-52-8
溴化亚汞,一溴化汞,10031-18-2
溴化亚铊,一溴化铊,7789-40-4
溴化乙酰,乙酰溴,506-96-7
溴己烷,己基溴,111-25-1
2-溴甲苯,邻溴甲苯；邻甲基溴苯；2-甲基溴苯,95-46-5
3-溴甲苯,间溴甲苯；间甲基溴苯；3-甲基溴苯,591-17-3
4-溴甲苯,对溴甲苯；对甲基溴苯；4-甲基溴苯,106-38-7
溴甲烷,甲基溴,74-83-9
溴甲烷和二溴乙烷液体混合物,,
"3-[3-(4'-溴联苯-4-基)-1,2,3,4-四氢-1-萘基]-4-羟基香豆素",溴鼠灵,56073-10-0
3-[3-(4-溴联苯-4-基)-3-羟基-1-苯丙基]-4-羟基香豆素,溴敌隆,28772-56-7
溴三氟甲烷,R13B1；三氟溴甲烷,75-63-8
溴酸,,7789-31-3
溴酸钡,,13967-90-3
溴酸镉,,14518-94-6
溴酸钾,,2139594
溴酸镁,,7789-36-8
溴酸钠,,7789-38-0
溴酸铅,,34018-28-5
溴酸锶,,14519-18-7
溴酸锌,,14519-07-4
溴酸银,,7783-89-3
2-溴戊烷,仲戊基溴；溴代仲戊烷,107-81-3
2-溴乙醇,,540-51-2
2-溴乙基乙醚,,592-55-2
溴乙酸,溴醋酸,29070
溴乙酸甲酯,溴醋酸甲酯,96-32-2
溴乙酸叔丁酯,溴醋酸叔丁酯,5292-43-3
溴乙酸乙酯,溴醋酸乙酯,105-36-2
溴乙酸异丙酯,溴醋酸异丙酯,29921-57-1
溴乙酸正丙酯,溴醋酸正丙酯,35223-80-4
溴乙烷,乙基溴；溴代乙烷,74-96-4
溴乙烯[稳定的],乙烯基溴,593-60-2
溴乙酰苯,苯甲酰甲基溴,25873
溴乙酰溴,溴化溴乙酰,598-21-0
"β,β'-亚氨基二丙腈",双(β-氰基乙基)胺,111-94-4
亚氨基二亚苯,咔唑；9-氮杂芴,86-74-8
亚胺乙汞,埃米,2597-93-5
亚碲酸钠,,10102-20-2
"4,4'-亚甲基双苯胺","亚甲基二苯胺；4,4'-二氨基二苯基甲烷；防老剂MDA",101-77-9
亚磷酸,,13598-36-2
亚磷酸二丁酯,,1809-19-4
亚磷酸二氢铅,二盐基亚磷酸铅,1344-40-7；
,,12141-20-7
亚磷酸三苯酯,,101-02-0
亚磷酸三甲酯,三甲氧基磷,121-45-9
亚磷酸三乙酯,,122-52-1
亚硫酸,,7782-99-2
亚硫酸氢铵,酸式亚硫酸铵,10192-30-0
亚硫酸氢钙,酸式亚硫酸钙,13780-03-5
亚硫酸氢钾,酸式亚硫酸钾,2145137
亚硫酸氢镁,酸式亚硫酸镁,13774-25-9
亚硫酸氢钠,酸式亚硫酸钠,7631-90-5
亚硫酸氢锌,酸式亚硫酸锌,15457-98-4
亚氯酸钙,,14674-72-7
亚氯酸钠,,7758-19-2
亚氯酸钠溶液[含有效氯＞5%],,
亚砷酸钡,,125687-68-5
亚砷酸钙,亚砒酸钙,27152-57-4
亚砷酸钾,偏亚砷酸钾,10124-50-2
亚砷酸钠,偏亚砷酸钠,7784-46-5
亚砷酸钠水溶液,,
亚砷酸铅,,10031-13-7
亚砷酸锶,原亚砷酸锶,91724-16-2
亚砷酸锑,,
亚砷酸铁,,63989-69-5
亚砷酸铜,亚砷酸氢铜,10290-12-7
亚砷酸锌,,10326-24-6
亚砷酸银,原亚砷酸银,2149310
亚硒酸,,7783-00-8
亚硒酸钡,,13718-59-7
亚硒酸钙,,13780-18-2
亚硒酸钾,,10431-47-7
亚硒酸铝,,20960-77-4
亚硒酸镁,,15593-61-0
亚硒酸钠,亚硒酸二钠,10102-18-8
亚硒酸氢钠,重亚硒酸钠,7782-82-3
亚硒酸铈,,15586-47-7
亚硒酸铜,,15168-20-4
亚硒酸银,,28041-84-1
"4-亚硝基-N,N-二甲基苯胺","对亚硝基二甲基苯胺；N,N-二甲基-4-亚硝基苯胺",138-89-6
"4-亚硝基-N,N-二乙基苯胺","对亚硝基二乙基苯胺；N,N-二乙基-4-亚硝基苯胺",120-22-9
4-亚硝基苯酚,对亚硝基苯酚,104-91-6
N-亚硝基二苯胺,二苯亚硝胺,86-30-6
N-亚硝基二甲胺,二甲基亚硝胺,62-75-9
亚硝基硫酸,亚硝酰硫酸,7782-78-7
亚硝酸铵,,13446-48-5
亚硝酸钡,,13465-94-6
亚硝酸钙,,13780-06-8
亚硝酸甲酯,,624-91-9
亚硝酸钾,,7758-09-0
亚硝酸钠,,7632-00-0
亚硝酸镍,,17861-62-0
亚硝酸锌铵,,63885-01-8
亚硝酸乙酯,,109-95-5
亚硝酸乙酯醇溶液,,
亚硝酸异丙酯,,541-42-4
亚硝酸异丁酯,,542-56-3
亚硝酸异戊酯,,110-46-3
亚硝酸正丙酯,,543-67-9
亚硝酸正丁酯,亚硝酸丁酯,544-16-1
亚硝酸正戊酯,亚硝酸戊酯,463-04-7
亚硝酰氯,氯化亚硝酰,2696-92-6
"1,2-亚乙基双二硫代氨基甲酸二钠",代森钠,142-59-6
氩[压缩的或液化的],,7440-37-1
烟碱氯化氢,烟碱盐酸盐,2820-51-1
盐酸,氢氯酸,7647-01-0
盐酸-1-萘胺,α-萘胺盐酸,552-46-5
盐酸-1-萘乙二胺,α-萘乙二胺盐酸,1465-25-4
盐酸-2-氨基酚,盐酸邻氨基酚,51-19-4
盐酸-2-萘胺,β-萘胺盐酸,612-52-2
"盐酸-3,3'-二氨基联苯胺","3,3'-二氨基联苯胺盐酸；3,4,3',4'-四氨基联苯盐酸；硒试剂",7411-49-6
"盐酸-3,3'-二甲基-4,4'-二氨基联苯","邻二氨基二甲基联苯盐酸；3,3'-二甲基联苯胺盐酸",612-82-8
"盐酸-3,3'-二甲氧基-4,4'-二氨基联苯","邻联二茴香胺盐酸；3,3'-二甲氧基联苯胺盐酸",20325-40-0
"盐酸-3,3'-二氯联苯胺","3,3'-二氯联苯胺盐酸",612-83-9
盐酸-3-氯苯胺,盐酸间氯苯胺；橙色基GC,141-85-5
"盐酸-4,4'-二氨基联苯",盐酸联苯胺；联苯胺盐酸,531-85-1
"盐酸-4-氨基-N,N-二乙基苯胺","N,N-二乙基对苯二胺盐酸；对氨基-N,N-二乙基苯胺盐酸",16713-15-8
盐酸-4-氨基酚,盐酸对氨基酚,51-78-5
盐酸-4-甲苯胺,对甲苯胺盐酸盐；盐酸-4-甲苯胺,540-23-8
盐酸苯胺,苯胺盐酸盐,142-04-1
盐酸苯肼,苯肼盐酸,27140-08-5
盐酸邻苯二胺,邻苯二胺二盐酸盐；盐酸邻二氨基苯,615-28-1
盐酸间苯二胺,间苯二胺二盐酸盐；盐酸间二氨基苯,541-69-5
盐酸对苯二胺,对苯二胺二盐酸盐；盐酸对二氨基苯,624-18-0
盐酸马钱子碱,二甲氧基士的宁盐酸盐,5786-96-9
盐酸吐根碱,盐酸依米丁,316-42-7
氧[压缩的或液化的],,7782-44-7
氧化钡,一氧化钡,1304-28-5
氧化苯乙烯,环氧乙基苯,35311
"β,β'-氧化二丙腈","2,2'-二氰二乙基醚；3,3'-氧化二丙腈；双(2-氰乙基)醚",1656-48-0
氧化镉[非发火的],,1306-19-0
氧化汞,一氧化汞；黄降汞；红降汞,21908-53-2
氧化环己烯,,286-20-4
氧化钾,,12136-45-7
氧化钠,,1313-59-3
氧化铍,,1304-56-9
氧化铊,三氧化二铊,1314-32-5
氧化亚汞,黑降汞,15829-53-5
氧化亚铊,一氧化二铊,1314-12-1
氧化银,,20667-12-3
氧氯化铬,氯化铬酰；二氯氧化铬；铬酰氯,14977-61-8
氧氯化硫,硫酰氯；二氯硫酰；磺酰氯,7791-25-5
氧氯化硒,氯化亚硒酰；二氯氧化硒,7791-23-3
氧氰化汞[减敏的],氰氧化汞,1335-31-5
氧溴化磷,溴化磷酰；磷酰溴；三溴氧化磷,7789-59-5
腰果壳油,脱羧腰果壳液,8007-24-7
液化石油气,石油气[液化的],68476-85-7
一氟乙酸对溴苯胺,,351-05-3
一甲胺[无水],氨基甲烷；甲胺,74-89-5
一甲胺溶液,氨基甲烷溶液；甲胺溶液,
一氯丙酮,氯丙酮；氯化丙酮,78-95-5
一氯二氟甲烷,R22；二氟一氯甲烷；氯二氟甲烷,75-45-6
一氯化碘,,7790-99-0
一氯化硫,氯化硫,10025-67-9
一氯三氟甲烷,R13,75-72-9
一氯五氟乙烷,R115,76-15-3
一氯乙醛,氯乙醛；2-氯乙醛,107-20-0
一溴化碘,,7789-33-5
一氧化氮,,10102-43-9
一氧化氮和四氧化二氮混合物,,
一氧化二氮[压缩的或液化的],氧化亚氮；笑气,10024-97-2
一氧化铅,氧化铅；黄丹,1317-36-8
一氧化碳,,630-08-0
一氧化碳和氢气混合物,水煤气,
乙胺,氨基乙烷,27491
乙胺水溶液[浓度50%～70%],氨基乙烷水溶液,
乙苯,乙基苯,100-41-4
乙撑亚胺,吖丙啶；1-氮杂环丙烷；氮丙啶,151-56-4
乙撑亚胺[稳定的],,
乙醇[无水],无水酒精,64-17-5
乙醇钾,,917-58-8
乙醇钠,乙氧基钠,141-52-6
乙醇钠乙醇溶液,乙醇钠合乙醇,
"1,2-乙二胺","1,2-二氨基乙烷；乙撑二胺",107-15-3
乙二醇单甲醚,2-甲氧基乙醇；甲基溶纤剂,109-86-4
乙二醇二乙醚,"1,2-二乙氧基乙烷；二乙基溶纤剂",629-14-1
乙二醇乙醚,2-乙氧基乙醇；乙基溶纤剂,110-80-5
乙二醇异丙醚,2-异丙氧基乙醇,109-59-1
乙二酸二丁酯,草酸二丁酯；草酸丁酯,2050-60-4
乙二酸二甲酯,草酸二甲酯；草酸甲酯,553-90-2
乙二酸二乙酯,草酸二乙酯；草酸乙酯,95-92-1
乙二酰氯,氯化乙二酰；草酰氯,79-37-8
乙汞硫水杨酸钠盐,硫柳汞钠,54-64-8
2-乙基-1-丁醇,2-乙基丁醇,97-95-0
2-乙基-1-丁烯,,760-21-4
N-乙基-1-萘胺,N-乙基-α-萘胺,118-44-5
N-(2-乙基-6-甲基苯基)-N-乙氧基甲基-氯乙酰胺 ,乙草胺,34256-82-1
N-乙基-N-(2-羟乙基)全氟辛基磺酰胺,,1691-99-2
O-乙基-O-(3-甲基-4-甲硫基)苯基-N-异丙氨基磷酸酯,苯线磷,22224-92-6
O-乙基-O-(4-硝基苯基)苯基硫代膦酸酯[含量＞15%],苯硫膦,2104-64-5
O-乙基-O-[(2-异丙氧基酰基)苯基]-N-异丙基硫代磷酰胺,异柳磷,25311-71-1
"O-乙基-O-2,4,5-三氯苯基-乙基硫代膦酸酯","O-乙基-O-2,4,5-三氯苯基-乙基硫代膦酸酯；毒壤膦",327-98-0
"O-乙基-S,S-二苯基二硫代磷酸酯 ",敌瘟磷,17109-49-8
"O-乙基-S,S-二丙基二硫代磷酸酯",灭线磷,13194-48-4
O-乙基-S-苯基乙基二硫代膦酸酯[含量＞6%],地虫硫膦,944-22-9
2-乙基苯胺,邻乙基苯胺；邻氨基乙苯,578-54-1
N-乙基苯胺,,103-69-5
乙基苯基二氯硅烷,,1125-27-5
2-乙基吡啶,,100-71-0
3-乙基吡啶,,536-78-7
4-乙基吡啶,,536-75-4
乙基丙基醚,乙丙醚,628-32-0
1-乙基丁醇,3-己醇,623-37-0
2-乙基丁醛,二乙基乙醛,97-96-1
N-乙基对甲苯胺,乙氨基对甲苯,622-57-1
乙基二氯硅烷,,1789-58-8
乙基二氯胂,二氯化乙基胂,598-14-1
乙基环己烷,,1678-91-7
乙基环戊烷,,1640-89-7
2-乙基己胺,3-(氨基甲基)庚烷,104-75-6
乙基己醛,,123-05-7
3-乙基己烷,,619-99-8
N-乙基间甲苯胺,乙氨基间甲苯,102-27-2
乙基硫酸,酸式硫酸乙酯,540-82-9
N-乙基吗啉,"N-乙基四氢-1,4-噁嗪",100-74-3
N-乙基哌啶,N-乙基六氢吡啶；1-乙基哌啶,766-09-6
N-乙基全氟辛基磺酰胺,,4151-50-2
乙基三氯硅烷,三氯乙基硅烷,115-21-9
乙基三乙氧基硅烷,三乙氧基乙基硅烷,28680
3-乙基戊烷,,617-78-7
乙基烯丙基醚,烯丙基乙基醚,557-31-3
"S-乙基亚磺酰甲基-O,O-二异丙基二硫代磷酸酯",丰丙磷,1434432
乙基正丁基醚,乙氧基丁烷；乙丁醚,628-81-9
乙腈,甲基氰,27522
乙硫醇,氢硫基乙烷；巯基乙烷,27607
2-乙硫基苄基N-甲基氨基甲酸酯 ,乙硫苯威,29973-13-5
乙醚,二乙基醚,60-29-7
乙硼烷,二硼烷,19287-45-7
乙醛,,75-07-0
乙醛肟,亚乙基羟胺；亚乙基胲,107-29-9
乙炔,电石气,74-86-2
乙酸[含量＞80%],醋酸,64-19-7
乙酸溶液[10%＜含量≤80%],醋酸溶液,
乙酸钡,醋酸钡,543-80-6
乙酸苯胺,醋酸苯胺,542-14-3
乙酸苯汞 ,,62-38-4
乙酸酐,醋酸酐,108-24-7
乙酸汞,乙酸高汞；醋酸汞,1600-27-7
乙酸环己酯,醋酸环己酯,622-45-7
乙酸甲氧基乙基汞,醋酸甲氧基乙基汞,151-38-2
乙酸甲酯,醋酸甲酯,79-20-9
乙酸间甲酚酯,醋酸间甲酚酯,122-46-3
乙酸铍,醋酸铍,543-81-7
乙酸铅,醋酸铅,301-04-2
乙酸三甲基锡,醋酸三甲基锡,1118-14-5
乙酸三乙基锡,三乙基乙酸锡,1907-13-7
乙酸叔丁酯,醋酸叔丁酯,540-88-5
乙酸烯丙酯,醋酸烯丙酯,591-87-7
乙酸亚汞,,631-60-7
乙酸亚铊,乙酸铊；醋酸铊,563-68-8
乙酸乙二醇乙醚,乙酸乙基溶纤剂；乙二醇乙醚乙酸酯；2-乙氧基乙酸乙酯,111-15-9
乙酸乙基丁酯,醋酸乙基丁酯；乙基丁基乙酸酯,10031-87-5
乙酸乙烯酯[稳定的],乙烯基乙酸酯；醋酸乙烯酯,108-05-4
乙酸乙酯,醋酸乙酯,141-78-6
乙酸异丙烯酯,醋酸异丙烯酯,108-22-5
乙酸异丙酯,醋酸异丙酯,108-21-4
乙酸异丁酯,醋酸异丁酯,110-19-0
乙酸异戊酯,醋酸异戊酯,123-92-2
乙酸正丙酯,醋酸正丙酯,109-60-4
乙酸正丁酯,醋酸正丁酯,123-86-4
乙酸正己酯,醋酸正己酯,142-92-7
乙酸正戊酯,醋酸正戊酯,628-63-7
乙酸仲丁酯,醋酸仲丁酯,105-46-4
乙烷,,74-84-0
乙烯,,74-85-1
乙烯(2-氯乙基)醚,(2-氯乙基)乙烯醚,110-75-8
4-乙烯-1-环己烯,4-乙烯基环己烯,100-40-3
乙烯砜,二乙烯砜,77-77-0
2-乙烯基吡啶,,100-69-6
4-乙烯基吡啶,,100-43-6
乙烯基甲苯异构体混合物[稳定的],,25013-15-4
4-乙烯基间二甲苯,"2,4-二甲基苯乙烯",1195-32-0
乙烯基三氯硅烷[稳定的],三氯乙烯硅烷,75-94-5
N-乙烯基乙撑亚胺,N-乙烯基氮丙环,5628-99-9
乙烯基乙醚[稳定的],乙基乙烯醚；乙氧基乙烯,109-92-2
乙烯基乙酸异丁酯,,24342-03-8
乙烯三乙氧基硅烷,三乙氧基乙烯硅烷,78-08-0
N-乙酰对苯二胺,对氨基苯乙酰胺；对乙酰氨基苯胺,122-80-5
"乙酰过氧化磺酰环己烷[含量≤32%,含B型稀释剂≥68%]",过氧化乙酰磺酰环己烷,3179-56-4
"乙酰过氧化磺酰环己烷[含量≤82%,含水≥12%]",,
乙酰基乙烯酮[稳定的],双烯酮；二乙烯酮,674-82-8
3-(α-乙酰甲基苄基)-4-羟基香豆素,杀鼠灵,81-81-2
乙酰氯,氯化乙酰,75-36-5
乙酰替硫脲,1-乙酰硫脲,591-08-2
乙酰亚砷酸铜,巴黎绿；祖母绿；醋酸亚砷酸铜；翡翠绿；帝绿；苔绿；维也纳绿；草地绿；翠绿,12002-03-8
2-乙氧基苯胺,邻氨基苯乙醚；邻乙氧基苯胺,94-70-2
3-乙氧基苯胺,间乙氧基苯胺；间氨基苯乙醚,621-33-0
4-乙氧基苯胺,对乙氧基苯胺；对氨基苯乙醚,156-43-4
"1-异丙基-3-甲基吡唑-5-基N,N-二甲基氨基甲酸酯[含量＞20%]",异索威,119-38-0
3-异丙基-5-甲基苯基N-甲基氨基甲酸酯,猛杀威,2631-37-0
N-异丙基-N-苯基-氯乙酰胺,毒草胺,1918-16-7
异丙基苯,枯烯；异丙苯,98-82-8
3-异丙基苯基-N-氨基甲酸甲酯,间异丙威,64-00-6
"异丙基异丙苯基氢过氧化物[含量≤72%,含A型稀释剂≥28%]",过氧化氢二异丙苯,26762-93-6
异丙硫醇,硫代异丙醇；2-巯基丙烷,75-33-2
异丙醚,二异丙基醚,108-20-3
异丙烯基乙炔,,78-80-8
异丁胺,1-氨基-2-甲基丙烷,78-81-9
异丁基苯,异丁苯,538-93-2
异丁基环戊烷,,3788-32-7
异丁基乙烯基醚[稳定的],乙烯基异丁醚；异丁氧基乙烯,109-53-5
异丁腈,异丙基氰,78-82-0
异丁醛,2-甲基丙醛,78-84-2
异丁酸,2-甲基丙酸,79-31-2
异丁酸酐,异丁酐,97-72-3
异丁酸甲酯,,547-63-7
异丁酸乙酯,,97-62-1
异丁酸异丙酯,,617-50-5
异丁酸异丁酯,,97-85-8
异丁酸正丙酯,,644-49-5
异丁烷,2-甲基丙烷,75-28-5
异丁烯,2-甲基丙烯,115-11-7
异丁酰氯,氯化异丁酰,79-30-1
异佛尔酮二异氰酸酯,,4098-71-9
异庚烯,,68975-47-3
异己烯,,27236-46-0
异硫氰酸-1-萘酯,,551-06-4
异硫氰酸苯酯,苯基芥子油,103-72-0
异硫氰酸烯丙酯,人造芥子油；烯丙基异硫氰酸酯；烯丙基芥子油,20978
异氰基乙酸乙酯,,2999-46-4
异氰酸-3-氯-4-甲苯酯,3-氯-4-甲基苯基异氰酸酯,28479-22-3
异氰酸苯酯,苯基异氰酸酯,103-71-9
异氰酸对硝基苯酯,对硝基苯异氰酸酯；异氰酸-4硝基苯酯,100-28-7
异氰酸对溴苯酯,4-溴异氰酸苯酯,216631
异氰酸二氯苯酯,"3,4-二氯苯基异氰酸酯",102-36-3
异氰酸环己酯,环己基异氰酸酯,3173-53-3
异氰酸甲酯,甲基异氰酸酯,624-83-9
异氰酸三氟甲苯酯,三氟甲苯异氰酸酯,329-01-1
异氰酸十八酯,十八异氰酸酯,112-96-9
异氰酸叔丁酯,,1609-86-5
异氰酸乙酯,乙基异氰酸酯,109-90-0
异氰酸异丙酯,,1795-48-8
异氰酸异丁酯,,1873-29-6
异氰酸正丙酯,,110-78-1
异氰酸正丁酯,,111-36-4
异山梨醇二硝酸酯混合物[含乳糖、淀粉或磷酸≥60%],混合异山梨醇二硝酸酯,
异戊胺,1-氨基-3-甲基丁烷,107-85-7
异戊醇钠,异戊氧基钠,19533-24-5
异戊腈,氰化异丁烷,625-28-5
异戊酸甲酯,,556-24-1
异戊酸乙酯,,108-64-5
异戊酸异丙酯,,32665-23-9
异戊酰氯,,108-12-3
异辛烷,,26635-64-3
异辛烯,,5026-76-6
萤蒽,,206-44-0
油酸汞,,1191-80-6
淤渣硫酸,,
原丙酸三乙酯,"原丙酸乙酯；1,1,1-三乙氧基丙烷",115-80-0
原甲酸三甲酯,原甲酸甲酯；三甲氧基甲烷,149-73-5
原甲酸三乙酯,三乙氧基甲烷；原甲酸乙酯,122-51-0
原乙酸三甲酯,"1,1,1-三甲氧基乙烷",1445-45-0
月桂酸三丁基锡,,3090-36-6
杂戊醇,杂醇油,8013-75-0
樟脑油,樟木油,8008-51-3
锗烷,四氢化锗,7782-65-2
赭曲毒素,棕曲霉毒素,37203-43-3
赭曲毒素A,棕曲霉毒素A,303-47-9
正丙苯,丙苯；丙基苯,103-65-1
正丙基环戊烷,,2040-96-2
正丙硫醇,1-巯基丙烷；硫代正丙醇,107-03-9
正丙醚,二正丙醚,111-43-3
正丁胺,1-氨基丁烷,109-73-9
N-(1-正丁氨基甲酰基-2-苯并咪唑基)氨基甲酸甲酯,苯菌灵,17804-35-2
正丁醇,,71-36-3
正丁基苯,,104-51-8
N-正丁基苯胺,,1126-78-9
正丁基环戊烷,,2040-95-1
N-正丁基咪唑,"N-正丁基-1,3-二氮杂茂",4316-42-1
正丁基乙烯基醚[稳定的],正丁氧基乙烯；乙烯正丁醚,111-34-2
正丁腈,丙基氰,109-74-0
正丁硫醇,1-硫代丁醇,109-79-5
正丁醚,氧化二丁烷；二丁醚,142-96-1
正丁醛,,123-72-8
正丁酸,丁酸,107-92-6
正丁酸甲酯,,623-42-7
正丁酸乙烯酯[稳定的],乙烯基丁酸酯,123-20-6
正丁酸乙酯,,105-54-4
正丁酸异丙酯,,638-11-9
正丁酸正丙酯,,105-66-8
正丁酸正丁酯,丁酸正丁酯,109-21-7
正丁烷,丁烷,106-97-8
正丁酰氯,氯化丁酰,141-75-3
正庚胺,氨基庚烷,111-68-2
正庚醛,,111-71-7
正庚烷,庚烷,142-82-5
正硅酸甲酯,四甲氧基硅烷；硅酸四甲酯；原硅酸甲酯,681-84-5
正癸烷,,124-18-5
正己胺,1-氨基己烷,111-26-2
正己醛,,66-25-1
正己酸甲酯,,106-70-7
正己酸乙酯,,123-66-0
正己烷,己烷,110-54-3
正磷酸,磷酸,7664-38-2
正戊胺,1-氨基戊烷,110-58-7
正戊酸,戊酸,109-52-4
正戊酸甲酯,,624-24-8
正戊酸乙酯,,539-82-2
正戊酸正丙酯,,141-06-0
正戊烷,戊烷,109-66-0
正辛腈,庚基氰,124-12-9
正辛硫醇,巯基辛烷,111-88-6
正辛烷,,111-65-9
支链-4-壬基酚,,84852-15-3
仲丁胺,2-氨基丁烷,13952-84-6
"2-仲丁基-4,6-二硝基苯基-3-甲基丁-2-烯酸酯",乐杀螨,485-31-4
"2-仲丁基-4,6-二硝基酚","二硝基仲丁基苯酚；4,6-二硝基-2-仲丁基苯酚；地乐酚",88-85-7
仲丁基苯,仲丁苯,135-98-8
仲高碘酸钾,仲过碘酸钾；一缩原高碘酸钾,14691-87-3
仲高碘酸钠,仲过碘酸钠；一缩原高碘酸钠,13940-38-0
仲戊胺,1-甲基丁胺,625-30-9
2-重氮-1-萘酚-4-磺酸钠,,64173-96-2
2-重氮-1-萘酚-5-磺酸钠,,2657-00-3
2-重氮-1-萘酚-4-磺酰氯,,36451-09-9
2-重氮-1-萘酚-5-磺酰氯,,3770-97-6
重氮氨基苯,三氮二苯；苯氨基重氮苯,136-35-6
重氮甲烷,,334-88-3
重氮乙酸乙酯,重氮醋酸乙酯,623-73-4
重铬酸铵,红矾铵,2151163
重铬酸钡,,13477-01-5
重铬酸钾,红矾钾,7778-50-9
重铬酸锂,,13843-81-7
重铬酸铝,,
重铬酸钠,红矾钠,10588-01-9
重铬酸铯,,13530-67-1
重铬酸铜,,13675-47-3
重铬酸锌,,14018-95-2
重铬酸银,,2149122
重质苯,,
D-苎烯,,5989-27-5
左旋溶肉瘤素,左旋苯丙氨酸氮芥；米尔法兰,148-82-3
含易燃溶剂的合成树脂、油漆、辅助材料、涂料等制品[闭杯闪点≤60℃],,
